Formatted,link
المنتج هو 'ثلاجة ديفروست يونيون اير جوستو، 2 باب، 350 لتر، ديجيتال تاتش، RD-350BB-DHGHUSTO - اسود'.السعر هو 13150.0. الخصم المتاح هو 15.161290322580644. ,https://www.raneen.com/ar/unionaire-rd-350bb-dhghusto-gusto-defrost-refrigerator-2-doors-350-liters-digital-touch-black-3
"المنتج هو 'ثلاجة نوفروست توشيبا, 411 لتر, 2 باب, GR-RT559WE-DMN49 - فضي'.السعر هو 24800.0. الخصم المتاح هو 42.32558139534884. ",https://www.raneen.com/ar/toshiba-gr-rt559we-dmn49-no-frost-refriger-411-liter-2-doors-silver-2
المنتج هو 'ثلاجة دبيلو الاسكا، ديفروست، 10قدم، KS-27 - ابيض'.السعر هو 9789.0. الخصم المتاح هو 11.009090909090908. ,https://www.raneen.com/ar/w-alaska-ks-27-refrigerator-de-frost-289-liter-white-1
"المنتج هو 'IDEAL Super Jumbo Defrost Refrigerator, 11 feet, 1 Door - White'.السعر هو 11000.0. الخصم المتاح هو 12.0. ",https://www.raneen.com/ar/ka01000000ttt-conf
المنتج هو 'ثلاجة ديفروست هامبورج، 11 قدم، 2 باب، 300 لتر، FB30 - فضي'.السعر هو 11149.0. الخصم المتاح هو 17.414814814814815. ,https://www.raneen.com/ar/hamburg-fb30-defrost-refrigerator-11-feet-2-doors-300-liter-silver-fb30slv-2
المنتج هو 'ثلاجة بيكو، نوفروست انفرتر 408 لتر، RDNE448M20B - اسود'.السعر هو 28083.0. الخصم المتاح هو 17.56780556533991. ,https://www.raneen.com/ar/el1089083slv-2
المنتج هو 'ثلاجة ديفروست فريش، 294 لتر، 2باب، FDD-B315BS - فضي'.السعر هو 13795.0. الخصم المتاح هو 13.775860991311955. ,https://www.raneen.com/ar/el1022000slv-2
المنتج هو 'ثلاجة نوفروست ميديا، 2 باب، 338 لتر، MDRT489MTN46- فضي'.السعر هو 16999.0. الخصم المتاح هو 15.212728814404707. ,https://www.raneen.com/ar/el1117130slv-2
المنتج هو 'ثلاجة ديفروست يونيون اير، 2 باب، 320 لتر، RD-320BBA-DHGHUSTO - أسود'.السعر هو 12310.0. الخصم المتاح هو 21.59235668789809. ,https://www.raneen.com/ar/unionaire-rd-320bb2-ds-defrost-refrigerator-2-door-320-liter-black-1
المنتج هو 'ثلاجة ديفروست جوستو يونيون اير، 310 لتر، 2 باب، RD-320BB-DVGSGHUSTO - اسود'.السعر هو 12350.0. الخصم المتاح هو 22.8125. ,https://www.raneen.com/ar/el1114642blk-1
المنتج هو 'ثلاجة ديفروست هامبورج، 12 قدم، 2 باب، 320 لتر، FB32 - فضي'.السعر هو 12100.0. الخصم المتاح هو 4.724409448818897. ,https://www.raneen.com/ar/hamburg-fb32-defrost-refrigerator-12-feet-2-doors-320-liter-silver-fb32slv-4
المنتج هو 'ثلاجة ايديال سوبر جامبو ديفروست، 11 قدم، باب واحد، تكنولوجيا C6، 922061015 - ابيض'.السعر هو 10850.0. الخصم المتاح هو 11.572942135289324. ,https://www.raneen.com/ar/11-c6-922061017
المنتج هو 'ثلاجة ديفروست سيلتال، 10 قدم، 1 باب، 290 لتر، FB29 - فضى'.السعر هو 10197.0. الخصم المتاح هو 11.330434782608696. ,https://www.raneen.com/ar/el1107640slv-1
المنتج هو 'ثلاجة سيلتال، ديفروست، 14 قدم 2 باب، SR350 - فضى'.السعر هو 13399.0. الخصم المتاح هو 30.213541666666664. ,https://www.raneen.com/ar/siltal-sr350-refrigerator-defrost-14-feet-2-door-silver-1
المنتج هو 'ثلاجة ديفروست سيلتال، 11 قدم، 2 باب، FB30 - فضى'.السعر هو 11450.0. الخصم المتاح هو 15.185185185185185. ,https://www.raneen.com/ar/el1107641slv-1
المنتج هو 'ثلاجة ديلوكس سيلتال، 12 قدم، 2 باب، ديفروست، SR320 - فضي'.السعر هو 12850.0. الخصم المتاح هو 3.8461538461538463. ,https://www.raneen.com/ar/siltal-sr320-deluxe-refrigerator-12-feet-2-doors-defrost-silver-1
المنتج هو 'ثلاجة ديفروست هامبورج، 14 قدم، 2 باب، 350 لتر، SR350 - فضي'.السعر هو 14550.0. الخصم المتاح هو 7.759604412324078. ,https://www.raneen.com/ar/el1119364slv-1
المنتج هو 'ثلاجة ديفروست يونيون اير جوستو، 2 باب، 350 لتر، ديجيتال تاتش، RD-350BB-DHGHUSTO - اسود'.السعر هو 13150.0. الخصم المتاح هو 15.161290322580644. ,https://www.raneen.com/ar/unionaire-rd-350bb-dhghusto-gusto-defrost-refrigerator-2-doors-350-liters-digital-touch-black-2
المنتج هو 'ثلاجة ديفروست كلاسيك كريازي، 2 باب، 350 لتر، KR350/2 - فضي داكن'.السعر هو 17255.0. الخصم المتاح هو 17.833333333333336. ,https://www.raneen.com/ar/kiriazi-kr350-2-defrost-refrigerator-2-doors-350-liter-dark-silver-1
المنتج هو 'ديب فريزر راسي يونيون اير، 205 لتر، 5 درج، نوفروست، ديجيتال، UFN-205LBLVA-DH - فضي'.السعر هو 16670.0. الخصم المتاح هو 13.398098602524808. ,https://www.raneen.com/ar/el1128911slv-conf
المنتج هو 'ديب فريزر ديفروست افقي يونيون اير، ديجيتال، 282 لتر، UC-320VV-02DS - فضي'.السعر هو 10999.0. الخصم المتاح هو 8.142642391849005. ,https://www.raneen.com/ar/el1126649slv
المنتج هو 'ديب فريزر راسى نوفروست يونيون اير، 6 درج، 230 لتر، ديجيتال، UFN-230LBG1A-DH - اسود'.السعر هو 19500.0. الخصم المتاح هو 34.9978332611087. ,https://www.raneen.com/ar/el1100205blk-2
المنتج هو 'ديب فريزر رأسى سيلتال، 6 درج ، VF2029 - فضى'.السعر هو 11550.0. الخصم المتاح هو 14.444444444444443. ,https://www.raneen.com/ar/el1107637slv-conf
المنتج هو 'ديب فريزر رأسي نوفروست فريش، 5 ادراج، 130 لتر، FNU-L250S - فضي'.السعر هو 19499.0. الخصم المتاح هو 3.7038866116845273. ,https://www.raneen.com/ar/el1120823slv-2
المنتج هو 'ديب فريزر رأسي دابليو ألاسكا، 220 لتر، 5 درج، UP270 - فضي'.السعر هو 12685.0. الخصم المتاح هو 7.476294675419402. ,https://www.raneen.com/ar/w-alaska-up270-deep-freezer-242-liter-5-drawers-silver
المنتج هو 'ديب فريزر أفقى فريش، 200 لتر FDF-270 - رمادي'.السعر هو 11699.0. الخصم المتاح هو 9.296014886028841. ,https://www.raneen.com/ar/fresh-fdf-270-chest-freezer-200-liters-greyel1101855slv-conf
المنتج هو 'ديب فريزر نوفروست راسي فريش، 130 لتر، 5 درج، بيد ميكانيزم، FNU-L250BC - اسود رمادي داكن'.السعر هو 19499.0. الخصم المتاح هو 3.7038866116845273. ,https://www.raneen.com/ar/el1120824blk-2
المنتج هو 'ديب فريزر رأسي فريش، أنفرتر، 7 أدراج، FNU-MT301 IB- اسود'.السعر هو 24999.0. الخصم المتاح هو 5.482248856289463. ,https://www.raneen.com/ar/el1121965blk-2
المنتج هو 'ديب فريزر رأسي نوفروست دابليو الاسكا، 280 لتر، 6 درج، UP200NF - فضي'.السعر هو 18799.0. الخصم المتاح هو 0.48173636844891476. ,https://www.raneen.com/ar/w-alaska-up200nf-upright-no-frost-freezer-160-liter-6-drawers-silver-1
المنتج هو 'ديب فريزر راسي نوفروست ديجيتال شارب، 300 لتر، 7 درج، FJ-EC27-BK - اسود'.السعر هو 33837.0. الخصم المتاح هو 99.99966162999996. ,https://www.raneen.com/ar/sharp-fj-ec27-bk-deep-freezer-inverter-no-frost-7-drawers-black40290095blk-conf
المنتج هو 'ديب فريزر رأسي نوفروست بيكو، 404 لتر، 8 ادراج، RFNE448E35XB - فضي'.السعر هو 38238.0. الخصم المتاح هو 3.847314423657212. ,https://www.raneen.com/ar/beko-rfne448e35xb-nofrost-upright-deep-freezer-404-liter-8-drawers-silver
المنتج هو 'باساب ديب فريزر راسى 6 درج نوفروست فضى ديجيتال (NVF280)'.السعر هو 18999.0. الخصم المتاح هو 3.30805638963815. ,https://www.raneen.com/ar/el1103494slv
المنتج هو 'ديب فريزر رأسي نوفروست بريميوم، 230 لتر، ديجيتال، 6 ادراج، PRM-230BGMN-C10 - رمادي داكن فضي'.السعر هو 19500.0. الخصم المتاح هو 32.406669208638085. ,https://www.raneen.com/ar/el1091539dgy-2
المنتج هو 'ديب فريزر عمودي عميق دابليو الاسكا، 190 لتر، UP190 - أبيض'.السعر هو 10824.0. الخصم المتاح هو 10.09966777408638. ,https://www.raneen.com/ar/w-alaska-up190-upright-deep-freezer-184-liter-white-1
المنتج هو 'ديب فريز راسي وايت بوينت نوفروست، 226 لتر، 6 درج، WPVF323S - فضى'.السعر هو 24999.0. الخصم المتاح هو 7.578838404377242. ,https://www.raneen.com/ar/el1089559slv
المنتج هو 'ديب فريزر رأسي فريش، أنفرتر، 7 أدراج، FNU-MT301 IT - فضي'.السعر هو 25367.0. الخصم المتاح هو 4.090891905175999. ,https://www.raneen.com/ar/el1121966slv-2
المنتج هو 'ديب فريزر أفقي ديفروست الاسكا، 140 لتر، CH140- رمادي'.السعر هو 8980.0. الخصم المتاح هو 4.822469528351881. ,https://www.raneen.com/ar/alaska-ch140-defrost-horizontal-freezer-140-liter-grey-2
المنتج هو 'ديب فريزر ديفروست دابليو الاسكا، 135 لتر، CH140 - ابيض'.السعر هو 8650.0. الخصم المتاح هو 24.782608695652176. ,https://www.raneen.com/ar/w-alaska-ch140-de-frost-chest-freezer-135-liter-white0
المنتج هو 'بوتاجاز الاهرام، 4 شعلة، 50×50 سم - اسود فضي'.السعر هو 3349.0. الخصم المتاح هو 25.395411004678103. ,https://www.raneen.com/ar/al-ahram-cooker-4-burners-50-50-cm-el1109462slv-1
المنتج هو 'بوتاجاز فريش غاز روك ، 5 شعلة غاز، 90x85x60 سم ، 19721 - اسود فضي'.السعر هو 17149.0. الخصم المتاح هو 0.0. ,https://www.raneen.com/ar/el1124196slv
المنتج هو 'بوتاجاز الاهرام، ستانلس ستيل، 4 شعلة، شواية، 50×50 سم - فضى اسود'.السعر هو 3749.0. الخصم المتاح هو 20.890483224308927. ,https://www.raneen.com/ar/el1109463slv
المنتج هو 'بوتاجاز الاهرام، سطح ستانلس ستيل، 5 شعلة، 80×60 سم - فضى اسود'.السعر هو 4899.0. الخصم المتاح هو 18.944407677035077. ,https://www.raneen.com/ar/al-ahram-steel-cooker-stainless-steel-surface-5-burners-80-60-cm-silver-black-2
المنتج هو 'بوتاجاز هامر فريش، 5 شعلة، 60×90 سم، تايمر تاتش فصل غاز، هيدروليك، مروحة فرن، مروحة تبريد، امان كامل، 13914 - اسود فضي'.السعر هو 19999.0. الخصم المتاح هو 8.884231627864596. ,https://www.raneen.com/ar/fresh-13914-gas-cooker-5-burners-60-90-cm-black-silverel1095139slv-conf
المنتج هو 'بوتاجاز تيست ماكس زانوسي، 5 شعلة غاز، ZCG92686XA - فضي'.السعر هو 25999.0. الخصم المتاح هو 18.467762167586553. ,https://www.raneen.com/ar/el1094889slv-1
المنتج هو 'بوتاجاز الاهرام، سطح ستانلس ستيل، 4 شعلة، 50×50 سم - فضى اسود'.السعر هو 3150.0. الخصم المتاح هو 23.170731707317074. ,https://www.raneen.com/ar/al-ahram-cooker-4-burners-50-50-cm-silver-black-4
المنتج هو 'بوتاجاز 5 شعلة غاز زانوسي، 60X90 سم، ZCG922A6XA - فضي'.السعر هو 13999.0. الخصم المتاح هو 19.272244968571595. ,https://www.raneen.com/ar/ho1065763bsc-1
المنتج هو 'بوتاجاز الاهرام، 5 شعلة، 80×60 سم - فضى اسود'.السعر هو 5399.0. الخصم المتاح هو 23.35320840431573. ,https://www.raneen.com/ar/al-ahram-cooker-5-burners-80-60-cm-silver-black-80-60
المنتج هو 'بوتاجاز غاز بيكو، 5 شعلة، 90X60 سم، GGR 15115 DX NBE - اسود'.السعر هو 22999.0. الخصم المتاح هو 4.683161341124788. ,https://www.raneen.com/ar/beko-ggr-15115-dx-nbe-freestanding-gas-cooker-5-burners-90x60-cm-black-el1106603wnb-conf
المنتج هو 'بوتاجاز بروفيشنال فريش، 5 شعلة،60×90 سم، مروحة، ستانلس، 5790 - اسود'.السعر هو 16699.0. الخصم المتاح هو 10.215602989408033. ,https://www.raneen.com/ar/fresh-professional-cooker-5-burners-60-90-cm-fan-stainless-5790-blackel1037582blk-conf
المنتج هو 'بوتاجاز الاهرام، ستانلس ستيل، 4 شعلة، 60×60 سم - فضى اسود'.السعر هو 4250.0. الخصم المتاح هو 24.107142857142858. ,https://www.raneen.com/ar/al-ahram-cooker-4-burners-60-60-cm-silver-black-1
المنتج هو 'بوتاجاز فريش فيرونا اير قراير، غاز، 5 شعلة، مروحة، شواية، ستانلس كامل، امان كامل، مزودة بصينية اير فراير، 60×90 سم، 500015383-فضى اسود'.السعر هو 14499.0. الخصم المتاح هو 9.601596109483134. ,https://www.raneen.com/ar/fresh-verona-airgrill-gas-cooker-5-burners-fan-grill-full-stainless-full-safety-60-90-cm-silver-black-el1099243slv-x-4
المنتج هو 'بوتاجاز فريش روك، 5 شعلة، 90×60 سم، 15560 - فضي'.السعر هو 14999.0. الخصم المتاح هو 28.576190476190476. ,https://www.raneen.com/ar/fresh-15560-cooker-5-burners-90-60-cm-silverel1102982wit-conf
المنتج هو 'بوتاجاز موديرنو فريش، 5 شعلات غاز، 80×55 سم، ستانلس كامل، امان كامل، مروحة، حامل ظهر، Moderno 7530 - فضي'.السعر هو 13299.0. الخصم المتاح هو 12.212027196514622. ,https://www.raneen.com/ar/moderno-fresh-cooker-5-gas-burners-80-x-55-cm-full-stainless-full-safety-fan-back-stand-moderno-7530-silverel1049788slv-conf
المنتج هو 'بوتوجاز غاز برستيج يونيون جاز، 5 شعلة، 60×85 سم - اسود'.السعر هو 5299.0. الخصم المتاح هو 36.14893360645861. ,https://www.raneen.com/ar/capitaltecheg228-2
المنتج هو 'بوتاجاز غاز مونستر يونيون اير، 5 شعلة، 60×90 سم، C69SS-P2C-511-IDSF-2W-MO-AL - فضي اسود'.السعر هو 12299.0. الخصم المتاح هو 8.990676335651916. ,https://www.raneen.com/ar/unionaire-monster-c69ss-p2c-511-idsf-2w-mo-al-gas-cooker-5-burners-60-90-cm-silver-black-1
المنتج هو 'بوتاجاز يونيون إير، 5 شعلة، 90×60 سم، C69SS-2SC-511-IDSFP-2W-AL - فضي'.السعر هو 13290.0. الخصم المتاح هو 7.86189683860233. ,https://www.raneen.com/ar/el1102475slv-1
المنتج هو 'بوتاجاز غاز يونيون اير، 5 شعلة، 90×60 سم، C69SS-GC-447-IFSO-2W-M14-AL - فضى'.السعر هو 12399.0. الخصم المتاح هو 9.786088474970898. ,https://www.raneen.com/ar/el1095832slv-2
المنتج هو 'سخان مياه كهربائي بشاشة ديجيتال تورنيدو، 55 لتر- أوف وايت'.السعر هو 6129.0. الخصم المتاح هو 0.0. ,https://www.raneen.com/ar/tornado-electric-water-heater-with-digital-screen-55-liter-off-whiteel1066727ofw-conf
المنتج هو 'سخان مياه ديجيتال تورنيدو، كهرباء، 45 لتر، EWH-S45CSE-F - اوف وايت'.السعر هو 5799.0. الخصم المتاح هو 17.15714285714286. ,https://www.raneen.com/ar/tornado-ewh-s45cse-f-electric-water-heater-with-digital-screen-45-liter-off-white-1
المنتج هو 'سخان مياه ديجيتال تورنيدو، كهرباء، سعة 35 لتر، EWH-S35CSE-F - اوف وايت'.السعر هو 5600.0. الخصم المتاح هو 14.932401640589395. ,https://www.raneen.com/ar/tornado-electric-water-heaters-with-digital-screen-35-liter-off-white-ewh-s35cse-f-1
المنتج هو 'سخان غاز بمدخنة اريون، 10 لتر، AR-10FX-Black - اسود'.السعر هو 5449.0. الخصم المتاح هو 9.168194699116519. ,https://www.raneen.com/ar/arion-ar-10fx-black-gas-heater-with-chimney-10-liters-black
المنتج هو 'سخان مياه كهرباء تورنيدو، 30 لتر، إينامل، لمبة ليد، TEEE-30MW - ابيض'.السعر هو 2950.0. الخصم المتاح هو 39.611054247697034. ,https://www.raneen.com/ar/tornado-teee-30mw-electric-water-heater-30-liter-enamel-led-lamp-white-1
المنتج هو 'سخان مياه تورنيدو كهرباء إيناملد، 30 لتر ، ديجيتال ،TEEE-30DS - فضي'.السعر هو 3250.0. الخصم المتاح هو 35.77075098814229. ,https://www.raneen.com/ar/el1099572slv-1
المنتج هو 'سخان كهرباء تورنيدو ، 40 لتر، 1500 وات ، TEEE-40DW - ابيض'.السعر هو 3300.0. الخصم المتاح هو 4.181184668989547. ,https://www.raneen.com/ar/tornado-teee-40dw-electric-water-heater-40-liter-1500-watt-whiteel1097350wit-conf
المنتج هو 'سخان مياه كهربائي اولمبيك، 50 لتر ، ديجيتال، Hero Turbo - ابيض'.السعر هو 3697.0. الخصم المتاح هو 21.340425531914896. ,https://www.raneen.com/ar/olympic-hero-turbo-electric-water-heater-50-liters-digital-white-2
المنتج هو 'سخان مياه غاز تورنيدو، 6 لتر، شاشة ديجيتال، غاز طبيعي، GHM-C06CNE-W - ابيض'.السعر هو 3968.0. الخصم المتاح هو 22.180819768582076. ,https://www.raneen.com/ar/tornado-ghm-c06cne-w-gas-water-heater-6-liter-digital-display-natural-gas-white
المنتج هو 'سخان كهربائي يونيون اير، 50 لتر، EWH50-C100-V-P-R-3 - ابيض'.السعر هو 2699.0. الخصم المتاح هو 22.863675335810232. ,https://www.raneen.com/ar/unionaire-ewh50-c100-v-p-3-electric-water-heater-50-liter-white-1
المنتج هو 'سخان غاز بمدخنة زانوسى، 10 لتر، شاشة ديجيتال، ZYG10113WL - ابيض'.السعر هو 5749.0. الخصم المتاح هو 4.1673612268711455. ,https://www.raneen.com/ar/el1102985wit-conf
المنتج هو 'سخان مياه غاز اوليمبيك الكتريك، 10 لتر، بمدخنة، شاشة ديجيتال، غاز مسال، 945105580 - ابيض'.السعر هو 4799.0. الخصم المتاح هو 20.016666666666666. ,https://www.raneen.com/ar/el1109456wit-2
المنتج هو 'سخان مياة غاز اوليمبيك هيرو فلو، 6 لتر، بدون مدخنة، HERO945105585 - ابيض رمادي'.السعر هو 3930.0. الخصم المتاح هو 28.53246044735406. ,https://www.raneen.com/ar/el1107449wit-2
المنتج هو 'سخان غاز بدون مدخنة زانوسي، 6 لتر، بشاشة رقمية، 945105592 - أبيض'.السعر هو 4449.0. الخصم المتاح هو 7.3125. ,https://www.raneen.com/ar/el1107451wit-2
المنتج هو 'سخان كهرباء بشاشة LED زانوسي، 50 لتر، ZYE05031WN - أبيض'.السعر هو 3875.0. الخصم المتاح هو 9.335517080018718. ,https://www.raneen.com/ar/el1101598wit-2
المنتج هو 'سخان غاز زانوسي، 6 لتر، بشاشة ديجيتال، ZYG06313WL - ابيض'.السعر هو 4170.0. الخصم المتاح هو 14.02061855670103. ,https://www.raneen.com/ar/zanussi-zyg06313wl-gas-water-heater-6-liter-digital-screen-white945105515wit-conf
المنتج هو 'سخان كهرباء اوليمبيك، ديجيتال، 50 لتر، هيرو بلس - ابيض'.السعر هو 3394.0. الخصم المتاح هو 9.829968119022316. ,https://www.raneen.com/ar/el1095189wit-2
المنتج هو 'سخان كهربائي كاسيل، 40 لتر، WH1040 - رمادي'.السعر هو 3399.0. الخصم المتاح هو 11.920186576833377. ,https://www.raneen.com/ar/el1109017slv-2
المنتج هو 'سخان غاز زانوسي، 6 لتر، بشاشة ديجيتال، ZYG06313SL - فضي'.السعر هو 4432.0. الخصم المتاح هو 0.0. ,https://www.raneen.com/ar/zanussi-zyg06313sl-gas-water-heater-6-liter-digital-screen-silver-1
المنتج هو 'سخان كهربائي كاسيل، 1500 وات، 50 لتر، WH1050 - فضي'.السعر هو 3105.0. الخصم المتاح هو 24.249817028543546. ,https://www.raneen.com/ar/el1109021slv-2
المنتج هو 'غسالة أطباق بوش، سعة 13 فرد، 6 برامج، 60 سم، SMS46NB01V - اسود'.السعر هو 41999.0. الخصم المتاح هو 0.0. ,https://www.raneen.com/ar/el1108865blk-4
المنتج هو 'غسالة اطباق ديجيتال ميديا، 13 فرد، 6 برامج، WQP13-5201C-S - فضي'.السعر هو 15999.0. الخصم المتاح هو 40.07640735608075. ,https://www.raneen.com/ar/el1105552slv-2
المنتج هو 'غسالة اطباق توشيبا، 13 فرد، 6 برامج، شاشة ديجيتال، DW-13F8AF(SS)-EG - فضى'.السعر هو 19999.0. الخصم المتاح هو 26.063810122370512. ,https://www.raneen.com/ar/el1114567slv-1
المنتج هو 'غسالة اطباق ديجيتال ميديا، 14 فرد، سمارت واي فاي، MDWEF1433D(B)-WI-EG - اسود'.السعر هو 21999.0. الخصم المتاح هو 0.22676765386185316. ,https://www.raneen.com/ar/el1126745blk-2
المنتج هو 'غسالة أطباق بيكو، 45 سم، 10 أفراد، شاشة ليد، DVS05020S - فضي'.السعر هو 18037.0. الخصم المتاح هو 18.00990954134279. ,https://www.raneen.com/ar/el1098394slv-1
المنتج هو 'غسالة أطباق شارب، 10 أفراد، 45 سم، شاشة رقمية، 6 برامج، QW-V610-BK - اسود'.السعر هو 21299.0. الخصم المتاح هو 2.961410542621532. ,https://www.raneen.com/ar/el1128924blk
المنتج هو 'غساله اطباق شارب، 10 افراد ، 6 برنامج، QW-V610-SS - فضي'.السعر هو 19999.0. الخصم المتاح هو 6.760221921767914. ,https://www.raneen.com/ar/el1129012slv
المنتج هو 'غساله اطباق 13 افراد فريش، 60 سم، 6 برنامج، A15-60IX-500013747 - فضي'.السعر هو 15365.0. الخصم المتاح هو 45.12304010857531. ,https://www.raneen.com/ar/fresh-a15-60ix-dish-washer-60-cm-6-programs-silver500013747slv-conf
المنتج هو 'غسالة اطباق شارب، 15 فرد، 60 سم، انفرتر، شاشة ديجيتال، 10 برامج، QW-V1015A-BK - اسود'.السعر هو 35605.0. الخصم المتاح هو 2.7318672312525614. ,https://www.raneen.com/ar/el1128926blk
المنتج هو 'غسالة أطباق شارب، 14 أفراد، 60 سم، شاشة رقمية، 10 برامج،QW-V1014A-BK - اسود'.السعر هو 37049.0. الخصم المتاح هو 2.6281899655707113. ,https://www.raneen.com/ar/el1128923blk
المنتج هو 'غسالة أطباق فريش ، 60 سم ، 12 افراد ، 6 برامج ، 500013747 - فضي'.السعر هو 15590.0. الخصم المتاح هو 0.0. ,https://www.raneen.com/ar/fresh-500013747-dishwasher-60-cm-12-persons-6-programs-silver
المنتج هو 'غسالة اطباق وايت بوينت، 10 افراد، 5 برامج، WPD105DS - فضي'.السعر هو 14699.0. الخصم المتاح هو 34.95729899553078. ,https://www.raneen.com/ar/white-point-wpd105ds-dishwashers-10-persons-5-programs-silver-1
المنتج هو 'غساله اطباق وايت بوينت ، 10 افراد ، 5 برامج ديجيتال ،WPD105DB- رمادي'.السعر هو 14999.0. الخصم المتاح هو 28.03819027971021. ,https://www.raneen.com/ar/el1122528blk-2
المنتج هو 'غسالة أطباق بوش، 13 فرد، 6 برامج، 60 سم، ديجيتال، SMS4EMI60V - فضي'.السعر هو 41999.0. الخصم المتاح هو 10.640425531914893. ,https://www.raneen.com/ar/el1108866slv-2
المنتج هو 'غسالة اطباق بيكو، 13 فرد، 5 برامج، 60 سم، DVN05325X - فضي'.السعر هو 19136.0. الخصم المتاح هو 11.300639658848615. ,https://www.raneen.com/ar/el1122633dsl-2
المنتج هو 'غسالة اطباق ديجيتال انفرتر بيكو، 15 فرد، 6 برامج، 60 سم، شاشة ليد، (BDFN36531GB) 8690842541520 - اسود'.السعر هو 40443.0. الخصم المتاح هو 13.949232962403455. ,https://www.raneen.com/ar/el1099590blk-2
المنتج هو 'غسالة اطباق ديجيتال ميديا، 14 فرد، 9 برنامج، MDWEF1433D(SS) - فضي'.السعر هو 21049.0. الخصم المتاح هو 4.535353077237063. ,https://www.raneen.com/ar/el1120164slv-2
المنتج هو 'غسالة أطباق بيكو، 60 سم، 14 فرد، 5 برنامج، BDFN15420S - فضي'.السعر هو 24500.0. الخصم المتاح هو 15.27182182874533. ,https://www.raneen.com/ar/el1097221slv-3
المنتج هو 'غسالة اطباق بوش، 12 فرد، 60 سم، SMS25AB00V - اسود'.السعر هو 24990.0. الخصم المتاح هو 5.850883472101873. ,https://www.raneen.com/ar/12-60-sms25ab00g-3
المنتج هو 'غسالة ملابس شارب، فل اوتوماتيك، 7 كيلو، 1000 لفة، ES-FP710CXE-S - فضى'.السعر هو 22999.0. الخصم المتاح هو 22.03728813559322. ,https://www.raneen.com/ar/sharp-es-fp710cxe-s-washing-machine-full-automatic-7-kg-silver-1
المنتج هو 'غسالة ملابس شارب، فل اوتوماتيك 8 كيلو، 1400 لفة، ES-FP814CXE-S - فضى'.السعر هو 25999.0. الخصم المتاح هو 10.345184316700577. ,https://www.raneen.com/ar/sharp-es-fp814cxe-s-washing-machine-full-automatic-8-kg-silver-1
المنتج هو 'غسالة ملابس فل اوتوماتيك شارب، 7 كيلو،1000 لفة، ES-FP710CXE-B - اسود'.السعر هو 23100.0. الخصم المتاح هو 20.342080761405565. ,https://www.raneen.com/ar/eshr11820blk-1
المنتج هو 'غسالة ملابس فل اوتوماتيك تورنيدو، 8 كيلو، 1200 لفة، TWV-FN812SLOA - فضى'.السعر هو 19499.0. الخصم المتاح هو 12.615398404589047. ,https://www.raneen.com/ar/el1077587slv-1
المنتج هو 'غسالة ملابس ال جي، تحميل امامي، تقنية Direct Drive، كجم 9، شاشة ديجيتال، F4R3VYG6P.APTPEEC - فضي'.السعر هو 25555.0. الخصم المتاح هو 28.463454917000252. ,https://www.raneen.com/ar/el1101256bns-1
المنتج هو 'غسالة فول اتوماتيك وايت بوينت، تحميل امامى، 7 كيلو، انفرتر، 1000 لفة/ دقيقة، باب كروم، WPW71015DSWB - اسود'.السعر هو 17926.0. الخصم المتاح هو 31.051194276702947. ,https://www.raneen.com/ar/el1110339blk-2
المنتج هو 'غسالة ملابس انفرتر ال جي، تحميل علوي، 13 كجم، T1388NEHGB.ABMPEEC - اسود'.السعر هو 18139.0. الخصم المتاح هو 13.61969617600838. ,https://www.raneen.com/ar/lg-t1388nehgb-abmpeec-inverter-washing-machine-top-load-13-kg-black-2
المنتج هو 'غسالة فول اتوماتيك وايت بوينت، تحميل امامى، 7 كيلو، انفرتر، 1000 لفة/ دقيقة، باب كروم، WPW71015DSWB - اسود'.السعر هو 16799.0. الخصم المتاح هو 6.925591445509446. ,https://www.raneen.com/ar/el1117858blk-2
المنتج هو 'غسالة ملابس فوق اوتوماتيك فريش، 13 كيلو، 500018892 FTM-13GB - ذهبي اسود'.السعر هو 14999.0. الخصم المتاح هو 12.537174179252434. ,https://www.raneen.com/ar/el1119384gld-2
المنتج هو 'غسالة ملابس فوق اوتوماتيك فريش، 14 كيلو، 500018258 FTM-P14S - رمادي'.السعر هو 15499.0. الخصم المتاح هو 12.181993314068785. ,https://www.raneen.com/ar/el1119385slv-2
المنتج هو 'غسالة ملابس فريش، تحميل علوى، 8 كجم، 50013520 - فضي'.السعر هو 8999.0. الخصم المتاح هو 21.747826086956522. ,https://www.raneen.com/ar/fresh-50013520-top-loading-washing-machine-8-kg-silveramftm-0812s-conf
المنتج هو 'غسالة ملابس فول اوتوماتيك هايسنس، تحميل امامى، 12 كجم، 1400 دورة في الدقيقة، WD5S1245BB - اسود'.السعر هو 41999.0. الخصم المتاح هو 10.82825537697191. ,https://www.raneen.com/ar/catalog/product/view/id/651656/s/el1120414blk-2/category/9/
المنتج هو 'غسالة فول اوتوماتيك فريش، 10كجم، 17757 W10DD1458G2-OB - كحلي'.السعر هو 25999.0. الخصم المتاح هو 25.715020429155118. ,https://www.raneen.com/ar/el1120888blu-2
المنتج هو 'غسالة فول اوتوماتيك فريش، 10كجم، 17754 W10DD1458G2-DS - رمادي اسود'.السعر هو 25999.0. الخصم المتاح هو 13.477985956271423. ,https://www.raneen.com/ar/el1120890slv-2
المنتج هو 'غسالة فوق اوتوماتيك ومجفف فريش جراند ، 12 كجم ، FWT12000NA - ابيض'.السعر هو 6465.0. الخصم المتاح هو 10.208333333333334. ,https://www.raneen.com/ar/fresh-fwt12000na-grand-automatic-washer-and-dryer-12-kg-white-1
المنتج هو 'غسالة فول اتوماتيك كاندي، 14 كجم، تحميل امامى، موتور انفرتر، ROW41496DCBT-EGY - اسود'.السعر هو 47999.0. الخصم المتاح هو 3.807691536904547. ,https://www.raneen.com/ar/el1124369blk
المنتج هو 'غسالة ملابس اوتوماتيك كاندي، تحميل امامي، 14 كيلو جرام، 1400 لفة، 13 برنامج، RO14146DCBT-EGY - اسود'.السعر هو 38999.0. الخصم المتاح هو 4.645590356732439. ,https://www.raneen.com/ar/el1125226blk
المنتج هو 'غسالة ملابس اوتوماتيك كاندي، تحميل امامي، 14 كيلو جرام، 1400 لفة، 13 برنامج، RO14146DCRT-EGY - رمادي'.السعر هو 37999.0. الخصم المتاح هو 5.237038330132921. ,https://www.raneen.com/ar/el1125227slv
المنتج هو 'غسالة ملابس تحميل امامي وايت بوينت، 6 كجم، ديجيتال، WPW61015PDS - فضى'.السعر هو 11999.0. الخصم المتاح هو 48.502145922746784. ,https://www.raneen.com/ar/white-point-wpw61015pds-front-loading-washing-machine-6-kg-silver-2
المنتج هو 'غسالة توشيبا ، فوق اوتوماتيك ، 8 كيلو جرام ، AW-M801APEG(SG) - فضي'.السعر هو 8999.0. الخصم المتاح هو 21.06140350877193. ,https://www.raneen.com/ar/el1124165slv-2
المنتج هو 'ترابيزة تلفاز خشب شيب بورد، 140×40×30 - ابيض'.السعر هو 999.0. الخصم المتاح هو 47.421052631578945. ,https://www.raneen.com/ar/mztvtable6wit-craftfurniture
المنتج هو 'ترابيزة تلفاز خشب ام دي اف، 50x150x30 سم - أبيض بني'.السعر هو 1899.0. الخصم المتاح هو 45.74285714285714. ,https://www.raneen.com/ar/mdf-wood-tv-table-50x150x30-cm-white-brown
المنتج هو 'ترابيزة تلفاز خشب ام دي اف ، 160x45x30 سم - اسود بيج'.السعر هو 2299.0. الخصم المتاح هو 48.91111111111111. ,https://www.raneen.com/ar/mdf-tv-table-160x45x30-cm-black-beige
المنتج هو 'ترابيزة تلفيزيون خشب ام دي اف، 160×32×47 سم، 2 دلفه جانبية، ارجل معدن - بني ابيض'.السعر هو 3845.0. الخصم المتاح هو 0.0. ,https://www.raneen.com/ar/ho1117048bnw
المنتج هو 'ترابيزة تلفزيون خشب ام دي اف، 60x120x30 سم - ابيض بني'.السعر هو 1199.0. الخصم المتاح هو 30.005837711617044. ,https://www.raneen.com/ar/mp1019
المنتج هو 'ترابيزة تليفزيون خشب ام دي اف، 160x47x30 سم - ابيض بيج'.السعر هو 2299.0. الخصم المتاح هو 48.91111111111111. ,https://www.raneen.com/ar/mfe22wooden
المنتج هو 'ترابيزة تلفاز مع ترابيزة وسط، خشب ام دي اف - بني ابيض'.السعر هو 8199.0. الخصم المتاح هو 30.000853752241103. ,https://www.raneen.com/ar/mhmpat16ih
المنتج هو 'ترابيزة تلفيزيون خشب ام دي اف، 120×30×47 سم، 1 دلفه، ارجل معدن - بني ابيض'.السعر هو 2570.0. الخصم المتاح هو 0.0. ,https://www.raneen.com/ar/ho1117047bnw
المنتج هو 'ترابيزة تلفزيون خشب ام دى اف، 120×50×30 سم - ابيض بنى'.السعر هو 1399.0. الخصم المتاح هو 51.758620689655174. ,https://www.raneen.com/ar/171717wnb
المنتج هو 'ترابيزة تلفاز خشب شيب بورد، 50x120x30 سم - ابيض'.السعر هو 1579.0. الخصم المتاح هو 30.00886524822695. ,https://www.raneen.com/ar/vc-tv-5-craft-fur
المنتج هو 'ترابيزة تلفاز خشب ام دي اف ، 160x45x30 سم - ابيض'.السعر هو 2899.0. الخصم المتاح هو 29.992755373098284. ,https://www.raneen.com/ar/mdf-tv-table-160x45x30-cm-white
المنتج هو 'ترابيزة تلفاز خشب ام دي اف، 160×35 ×53 سم - بنى'.السعر هو 3182.0. الخصم المتاح هو 16.263157894736842. ,https://www.raneen.com/ar/wm101-2
المنتج هو 'ترابيزة تلفاز خشب ام دي اف، 100×20×20 سم - اسود'.السعر هو 469.0. الخصم المتاح هو 30.0. ,https://www.raneen.com/ar/mdf-tv-table-100x20x20-cm-black
المنتج هو 'ترابيزة تليفزيون خشب أم دي اف ، 160x50x30 سم - ابيض بيج'.السعر هو 2599.0. الخصم المتاح هو 3.7050759540570586. ,https://www.raneen.com/ar/mdf-wood-tv-table-160-30-50-cm-white-beige-ymtvt1dr1602
المنتج هو 'ترابيزة تلفاز خشب ام دي اف ، 90x40x30 سم - بني'.السعر هو 1409.0. الخصم المتاح هو 30.004967709885744. ,https://www.raneen.com/ar/mdf-tv-table-90x40x30-cm-brown
المنتج هو 'ترابيزة تلفزيون مودرن خشب ام دي اف، 120×48×32 سم - ابيض'.السعر هو 2088.0. الخصم المتاح هو 30.00335232986926. ,https://www.raneen.com/ar/woodf268
المنتج هو 'وحدة تلفزيون خشب شيب بورد، 120×45×30 سم - ابيض'.السعر هو 1209.0. الخصم المتاح هو 29.99420961204401. ,https://www.raneen.com/ar/127wooden
المنتج هو 'ترابيزة تلفاز خشب أم دي أف، 180×30×45 سم - ابيض بيج'.السعر هو 3299.0. الخصم المتاح هو 26.900066474628847. ,https://www.raneen.com/ar/mdf-wood-tv-table-180-30-45-cm-beige-white-cattv1036-2
المنتج هو 'ترابيزة تلفاز ام دى اف، 45×30×140 سم - أسود خشبي'.السعر هو 2400.0. الخصم المتاح هو 18.91891891891892. ,https://www.raneen.com/ar/tu-061-furvive
المنتج هو 'ترابيزة تليفزيون خشب أم دي اف ، 180x50x30 سم - اسود بيج'.السعر هو 3899.0. الخصم المتاح هو 35.016666666666666. ,https://www.raneen.com/ar/mdf-wood-tv-table-180-30-50-cm-black-beige-ymtvt2dr1802
المنتج هو 'كنبة بمقعدين خشب زان، 170×70×80 سم - أوف وايت'.السعر هو 5999.0. الخصم المتاح هو 36.85263157894737. ,https://www.raneen.com/ar/mfsofa12wht-comfy
المنتج هو 'كنبة بثلاثة مقاعد خشب زان، 200x80 سم - بني'.السعر هو 6999.0. الخصم المتاح هو 62.36692117431982. ,https://www.raneen.com/ar/mfsofa9brown-comfy
المنتج هو 'كنبة سرير خشب زان، 93×220×60 سم - بنى'.السعر هو 6200.0. الخصم المتاح هو 11.428571428571429. ,https://www.raneen.com/ar/catalog/product/view/id/382942/s/beech-wood-sofa-bed-93-220-60-cm-brown-ymbig23brn-1/category/8011/
المنتج هو 'كنبة سرير خشب زان، 93×190×60 سم - رمادي داكن'.السعر هو 4999.0. الخصم المتاح هو 16.683333333333334. ,https://www.raneen.com/ar/ymbig35sgr-1
المنتج هو 'كنبة سرير خشب زان، تنجيد قطيفة، 190×60 سم - رمادى'.السعر هو 8999.0. الخصم المتاح هو 10.01. ,https://www.raneen.com/ar/bigeg19060gry-1
المنتج هو 'كنبة سرير خشب زان، 93×190×60 سم - بيج بنى'.السعر هو 4999.0. الخصم المتاح هو 16.683333333333334. ,https://www.raneen.com/ar/catalog/product/view/id/382972/s/beech-wood-sofa-bed-93-190-60-cm-beige-ymbig33beg-1/category/8011/
المنتج هو 'كنبة سرير خشب زان، 93×200×60 سم - بينك'.السعر هو 5600.0. الخصم المتاح هو 6.666666666666667. ,https://www.raneen.com/ar/catalog/product/view/id/382882/s/beech-wood-sofa-bed-93-200-60-cm-pink-ymbig02pnk-1/category/8011/
المنتج هو 'كنبة 2 مقعد، خشب زان تنجيد قطيفة، 200×85×80 سم - بيج'.السعر هو 10490.0. الخصم المتاح هو 29.83277591973244. ,https://www.raneen.com/ar/2-seat-sofa-beech-wood-with-velvet-upholstery-200-85-80-cm-beige
المنتج هو 'كنبة سرير خشب زان، 93×200×60 سم - اصفر ازرق'.السعر هو 5600.0. الخصم المتاح هو 6.666666666666667. ,https://www.raneen.com/ar/catalog/product/view/id/382879/s/beech-wood-sofa-bed-93-200-60-cm-yellow-blue-ymbig01ylb-1/category/8011/
المنتج هو 'كنبة بمقعدين خشب زان، قمش جلد مقلوب، 200×75×75 سم - بيج'.السعر هو 15000.0. الخصم المتاح هو 20.0. ,https://www.raneen.com/ar/fhfuture2bge
المنتج هو 'كنبة سرير خشب زان، 93×190×60 سم - ازرق'.السعر هو 4999.0. الخصم المتاح هو 16.683333333333334. ,https://www.raneen.com/ar/catalog/product/view/id/382966/s/beech-wood-sofa-bed-93-190-60-cm-blue-ymbig31blu-1/category/8011/
المنتج هو 'كنبة سرير خشب زان، 93×190×60 سم - رمادي داكن'.السعر هو 4999.0. الخصم المتاح هو 16.683333333333334. ,https://www.raneen.com/ar/beech-wood-sofa-bed-93-190-60-cm-dark-grey-1
المنتج هو 'كنبة سرير خشب زان، 93×200×60 سم - احمر'.السعر هو 5600.0. الخصم المتاح هو 6.666666666666667. ,https://www.raneen.com/ar/catalog/product/view/id/382888/s/beech-wood-sofa-bed-93-200-60-cm-red-ymbig04red-1/category/8011/
المنتج هو 'كنبة سرير خشب موسكي قماش قطيفة، 2×1، 3 مقعد، 220×80×90 سم - كشمير'.السعر هو 6999.0. الخصم المتاح هو 33.65876777251185. ,https://www.raneen.com/ar/ho1113235ksh
المنتج هو 'كنبة ثلاث مقاعد خشب زان، قماش قطيفة، 80×200×80 سم - رمادي'.السعر هو 11277.0. الخصم المتاح هو 30.0. ,https://www.raneen.com/ar/sg20
المنتج هو 'كنبة خشب زان، قماش قطيفة، 75×165×70 سم - ازرق'.السعر هو 8069.0. الخصم المتاح هو 29.999132471588446. ,https://www.raneen.com/ar/sfu65
المنتج هو 'كنبة بمقعدين، خشب زان ، 140×85×60 سم - رمادي'.السعر هو 12000.0. الخصم المتاح هو 20.0. ,https://www.raneen.com/ar/2-seats-sofa-beech-wood-120-60-85-grey-foh111213gry
المنتج هو 'كنبة خشب زان، قماش كتان، 1 قطعة، 75×200×80 سم - بيج'.السعر هو 15000.0. الخصم المتاح هو 20.0. ,https://www.raneen.com/ar/amel2003
المنتج هو 'كنبة سرير خشب زان، 93×190×60 سم - احمر'.السعر هو 4999.0. الخصم المتاح هو 16.683333333333334. ,https://www.raneen.com/ar/beech-wood-sofa-bed-93-190-60-cm-red-ymbig37red-1
المنتج هو 'كنبة بثلاثة مقاعد، خشب زان، تنجيد كتان ، 210×90×80 سم - بيج'.السعر هو 12500.0. الخصم المتاح هو 29.999439995519968. ,https://www.raneen.com/ar/beech-wood-3-seats-sofa-linen-lined-210-80-90-cm-beigeus85beg
المنتج هو 'دولاب ملابس باب منزلق خشب ام دي اف، 120×60×200 سم - ابيض رمادي'.السعر هو 6866.0. الخصم المتاح هو 54.825975393117965. ,https://www.raneen.com/ar/c003wng
المنتج هو 'دولاب دريسينج 3 دلفة جرار خشب ام دي اف، 240×60×240 سم، زجاج، 3 دلفة، 3 درج داخلى، اضاءة ليد - بنى'.السعر هو 47645.0. الخصم المتاح هو 14.995539696699375. ,https://www.raneen.com/ar/ho1129137beg
المنتج هو 'دولاب خشب ام دي اف، 2 باب، 200x160x60 سم - اسود بني'.السعر هو 10999.0. الخصم المتاح هو 60.7164541590771. ,https://www.raneen.com/ar/wardrobe1122
المنتج هو 'دولاب خشب ام دي اف، 4 باب، 210x160x45 سم - ابيض'.السعر هو 11199.0. الخصم المتاح هو 30.001875117194825. ,https://www.raneen.com/ar/mdf-wood-wardrobe-4-door-210x160x45-cm-white
المنتج هو 'دولاب مودرن خشب شيب بورد، 200x120x60 سم - ابيض'.السعر هو 6139.0. الخصم المتاح هو 30.0. ,https://www.raneen.com/ar/vc-wd-1-craft-fur
المنتج هو 'دولاب ملابس خشب ام دي اف ، 160x210x60 سم - ابيض'.السعر هو 14666.0. الخصم المتاح هو 29.99856808744213. ,https://www.raneen.com/ar/mdf-wardrobe-160x210x60-cm-white
المنتج هو 'دولاب خشب ام دي اف، ٣ ضلفة، 240×240×60 سم - ابيض'.السعر هو 20399.0. الخصم المتاح هو 29.998970522631346. ,https://www.raneen.com/ar/mdf-wooden-wardrobe-3-doors-240-x-240-x-70-cm-white
المنتج هو 'دولاب خشب ام دي اف، ٥ ارفف، 200×80×42 سم - ابيض'.السعر هو 6350.0. الخصم المتاح هو 20.625. ,https://www.raneen.com/ar/mdf-wood-wardrobe-5-shelves-200-x-80-x-42-cm-white
المنتج هو 'دولاب مودرن خشب ام دي اف، 200x80x50 سم - ابيض'.السعر هو 6739.0. الخصم المتاح هو 29.998961254804197. ,https://www.raneen.com/ar/205-craftfurniture
المنتج هو 'دولاب ملابس باب منزلق خشب ام دي اف، 140×50×200 سم - اسود'.السعر هو 15016.0. الخصم المتاح هو 22.99882057330393. ,https://www.raneen.com/ar/mzwar013blk
المنتج هو 'دولاب ملابس باب منزلق خشب ام دي اف، 120×60×200 سم - ابيض'.السعر هو 9100.0. الخصم المتاح هو 24.166666666666668. ,https://www.raneen.com/ar/c002wit
المنتج هو 'دولاب ملابس مفتوح خشب ام دي اف، 200×50×240 سم - خشبي'.السعر هو 16500.0. الخصم المتاح هو 53.799630397043174. ,https://www.raneen.com/ar/mdf-open-wardrobe-240-200-50-cm-white-1
المنتج هو 'دولاب دريسنج خشب ام دي اف، 220x240x50 سم - اسود'.السعر هو 19999.0. الخصم المتاح هو 30.0. ,https://www.raneen.com/ar/2026-craftfurniture
المنتج هو 'دولاب مودرن خشب ام دي اف، 180x50x200 سم - ابيض'.السعر هو 18667.0. الخصم المتاح هو 29.99962500468744. ,https://www.raneen.com/ar/top3-topwood
المنتج هو 'دولاب ملابس مفتوح، شيب بورد، 300×200×50 سم - ابيض'.السعر هو 17499.0. الخصم المتاح هو 20.000914327512113. ,https://www.raneen.com/ar/mdf-wood-open-wardrobe-300-200-50-cm-white
المنتج هو 'دولاب خشب ام دي اف، 210×180×45 سم - ابيض'.السعر هو 17199.0. الخصم المتاح هو 34.84980491685291. ,https://www.raneen.com/ar/mdf-wood-wardrobe-210-180-45-cm-white
المنتج هو 'دولاب ملابس بوحدة ادراج خشب، 80×50×190 سم - ابيض'.السعر هو 8150.0. الخصم المتاح هو 34.453916680070776. ,https://www.raneen.com/ar/wardrobe-80-50-190-cm-white-1
المنتج هو 'دولاب ملابس باب منزلق خشب ام دي اف، 100×50×183 سم - ابيض بني'.السعر هو 12500.0. الخصم المتاح هو 43.99892477935576. ,https://www.raneen.com/ar/wardrobe-2-storage-units-mdf-wood-183-100-50-cm-white-brown-1
المنتج هو 'دولاب ملابس بوحدة ادراج خشب ام دي اف اسباني، 160×45×210 سم - ابيض'.السعر هو 13689.0. الخصم المتاح هو 30.001022704029456. ,https://www.raneen.com/ar/spanish-mdf-wood-wardrobe-210-160-45-cm-white-1
المنتج هو 'دولاب ملابس باب منزلق خشب ام دي اف، 140×60×200 سم - بيج'.السعر هو 15016.0. الخصم المتاح هو 22.99882057330393. ,https://www.raneen.com/ar/mdf-wooden-wardrobe-200-140-200-60-2-rolls-beige-mzwar019big
المنتج هو 'لوحة فنية للرمال المتحركة، ثلاثية الابعاد، 7 بوصة - اسود اخضر'.السعر هو 399.0. الخصم المتاح هو 33.3889816360601. ,https://www.raneen.com/ar/quicksand-art-painting-3d-7-inch-black-green-2
المنتج هو 'ساعة حائط بلاستيك، 56 سم'.السعر هو 149.0. الخصم المتاح هو 32.27272727272727. ,https://www.raneen.com/ar/plastic-wall-watch-56-cm
المنتج هو 'ساعة حائط بلاستيك، 55 سم'.السعر هو 149.0. الخصم المتاح هو 32.27272727272727. ,https://www.raneen.com/ar/ho1090659conf
المنتج هو 'بوكية ورد بلاستيك كبير سيتي ستارز، قطعتين'.السعر هو 100.0. الخصم المتاح هو 31.03448275862069. ,https://www.raneen.com/ar/ho1102623mv1-1
المنتج هو 'برواز خشب أيات قرأنية، 20×26 سم'.السعر هو 50.0. الخصم المتاح هو 21.875. ,https://www.raneen.com/ar/ho1103674bs2-1
المنتج هو 'برواز خشب أيات قرأنية، 22×17 سم'.السعر هو 41.0. الخصم المتاح هو 0.0. ,https://www.raneen.com/ar/ho1103675bs6-1
المنتج هو 'طقم شمع صغير، برائحة الليمون، 10 قطع - اصفر'.السعر هو 66.0. الخصم المتاح هو 0.0. ,https://www.raneen.com/ar/small-candle-set-lemon-scent-10-pieces-yellow-b091dgnqwhylw
المنتج هو 'طفاية سجائر ستانلس ستيل، S-22 - فضي'.السعر هو 199.0. الخصم المتاح هو 0.0. ,https://www.raneen.com/ar/s-22-stainless-steel-ashtray-silver
المنتج هو 'ديكور مكتب، علي شكل قلب، مع كرة كريستال - ذهبي'.السعر هو 449.0. الخصم المتاح هو 0.0. ,https://www.raneen.com/ar/desk-decor-heart-shaped-with-a-crystal-ball-gold
المنتج هو 'مصباح ديكور، علي شكل قمر، ثلاثي الابعاد، يعمل باللمس، 3 اللوان، 14.2 سم - بيج'.السعر هو 540.0. الخصم المتاح هو 0.0. ,https://www.raneen.com/ar/decorative-lamp-moon-shape-3d-touch-3-colors-14-2-cm-beige
المنتج هو 'لوحة فنية للرمال المتحركة، ثلاثية الابعاد، 5 بوصة - شفاف احمر'.السعر هو 399.0. الخصم المتاح هو 33.3889816360601. ,https://www.raneen.com/ar/quicksand-art-painting-3d-5-inch-clear-red
المنتج هو 'لوحة فنية للرمال المتحركة، ثلاثية الابعاد، 5 بوصة - شفاف ازرق'.السعر هو 399.0. الخصم المتاح هو 33.3889816360601. ,https://www.raneen.com/ar/quicksand-art-painting-3d-5-inch-clear-blue
المنتج هو 'جهاز تنقية الهواء، علي شكل كوكب، مع اضاءة ال اي دي، 200 مل - اصفر'.السعر هو 599.0. الخصم المتاح هو 0.0. ,https://www.raneen.com/ar/air-purifier-planet-shaped-with-led-lighting-200-ml-yellow
المنتج هو 'فازة ديكور زجاج برميولى، 23 سم - شفاف'.السعر هو 700.0. الخصم المتاح هو 12.5. ,https://www.raneen.com/ar/bormioli-glass-decore-vase-23-cm-clear
المنتج هو 'دلاية خشبية اشكال اسلامية بحلقات معدن، 6 قطع، 33 سم - ذهبي'.السعر هو 49.0. الخصم المتاح هو 0.0. ,https://www.raneen.com/ar/ho1101394gl2
المنتج هو 'كأس زجاج جلاس كوبر بقاعدة نحاسي، 17×60 سم - ذهبي نحاسي'.السعر هو 999.0. الخصم المتاح هو 17.77777777777778. ,https://www.raneen.com/ar/ho1107893gld
المنتج هو 'كأس زجاج جلاس كوبر بقاعدة نحاسي، 17× 60 سم - شفاف ذهبى'.السعر هو 999.0. الخصم المتاح هو 21.64705882352941. ,https://www.raneen.com/ar/ho1107894gld
المنتج هو 'طقم هدايا زجاج بوهيميا، 4 قطع - شفاف'.السعر هو 4199.0. الخصم المتاح هو 18.466019417475728. ,https://www.raneen.com/ar/ho1108233clr
المنتج هو 'شيالة مربعة بيد مستديرة ، 3 دور - شفاف فضى'.السعر هو 999.0. الخصم المتاح هو 23.682200152788386. ,https://www.raneen.com/ar/ho1069906clr
المنتج هو 'طقم هدايا زجاج بوهيميا، 4 قطع - شفاف'.السعر هو 3999.0. الخصم المتاح هو 17.88501026694045. ,https://www.raneen.com/ar/ho1108232clr
المنتج هو 'جزامة خشب، شيب بورد، 60×87×31 سم - بنى'.السعر هو 999.0. الخصم المتاح هو 62.5421822272216. ,https://www.raneen.com/ar/rate-sh-1
المنتج هو 'جزامة خشب شيب بورد، 3 رف، 2 درفة، 60×31×87 سم'.السعر هو 899.0. الخصم المتاح هو 39.86622073578595. ,https://www.raneen.com/ar/ho1119887bnb-2
المنتج هو 'جزامة خشبية ام دي اف، 90x120x35 سم - بني ابيض'.السعر هو 2999.0. الخصم المتاح هو 62.503125781445355. ,https://www.raneen.com/ar/mp1011
المنتج هو 'جزامة خشب ام دي اف العلا جروب، 3 درج قلاب، 60×24×100 سم'.السعر هو 2199.0. الخصم المتاح هو 32.33846153846154. ,https://www.raneen.com/ar/ho1111311wnb-1
المنتج هو 'جزامة مودرن شيب بورد، 80×30×90 سم - ابيض'.السعر هو 1799.0. الخصم المتاح هو 30.0. ,https://www.raneen.com/ar/craftfurniture-shoe-racks
المنتج هو 'جزامة خشب ام دي اف العلا جروب، 3 درج قلاب، 80×24×100 سم - ابيض بيج'.السعر هو 2399.0. الخصم المتاح هو 34.72108843537415. ,https://www.raneen.com/ar/ho1111310wnb-1
المنتج هو 'جزامة خشب شيب بورد، 90×32×60 سم - ابيض اسود'.السعر هو 1799.0. الخصم المتاح هو 30.0. ,https://www.raneen.com/ar/ymwfs102bnw
المنتج هو 'جزامة خشب ام دي اف، 80×32×97 سم، 3 ارفف، 2 دلفة'.السعر هو 2199.0. الخصم المتاح هو 31.28125. ,https://www.raneen.com/ar/ho1101740bk1-1
المنتج هو 'جزامة مودرن خشب ام دي اف، ارجل معدن، 100×35×80 سم - بني'.السعر هو 2699.0. الخصم المتاح هو 44.90712390283731. ,https://www.raneen.com/ar/cfshoerack22brn
المنتج هو 'منظم أحذية خشب ام دي اف، 150x40x100 سم - رمادى خشبي'.السعر هو 7699.0. الخصم المتاح هو 29.996362975086377. ,https://www.raneen.com/ar/top50-topwood
المنتج هو 'جزامة خشب ام دي اف اسبانى، ، 80×110×30 سم، ثلاث ادراج قلاب- بنى'.السعر هو 6085.0. الخصم المتاح هو 0.0. ,https://www.raneen.com/ar/ho1099515dbr
المنتج هو 'جزامة مودرن، 83×30×90 سم - ابيض'.السعر هو 2679.0. الخصم المتاح هو 29.979090433873495. ,https://www.raneen.com/ar/amw112witwood
المنتج هو 'جزامة خشب شيب بورد، 3 ارفف، 2 دلفة، ارجل بلاستيك، 80×32×97 سم - بيج'.السعر هو 1299.0. الخصم المتاح هو 39.44055944055944. ,https://www.raneen.com/ar/ho1122591bg1
المنتج هو 'جزامة خشب ام دي اف ، 100x90x40 سم - ابيض بيج'.السعر هو 4849.0. الخصم المتاح هو 29.99855637361051. ,https://www.raneen.com/ar/mdf-shoerack-100x90x40-cm-white-beige
المنتج هو 'جزامة خشب شيبورد، 60×89×32 سم، 3 ارفف، 2 دلفة - بيج'.السعر هو 899.0. الخصم المتاح هو 39.86622073578595. ,https://www.raneen.com/ar/ho1117857bg1
المنتج هو 'جزامة خشب أم دي أف، 120×100×40 - بني'.السعر هو 4919.0. الخصم المتاح هو 29.998576917603533. ,https://www.raneen.com/ar/hall-shoe-racks-mdf-wood-120-100-40-brown-mzshrack1brw-1
المنتج هو 'جزامة خشب ام دي اف، ارجل معدن، 80×34×102 سم - بني ابيض'.السعر هو 3590.0. الخصم المتاح هو 0.0. ,https://www.raneen.com/ar/ho1117046bnw
المنتج هو 'جزامة خشب كونتر، 150×110×38 سم - بيج أبيض'.السعر هو 8750.0. الخصم المتاح هو 32.69230769230769. ,https://www.raneen.com/ar/counter-wood-shoe-rack-150-110-38-cm-white-beige
المنتج هو 'جزامة خشب ام دي اف، 80×115×28 سم، 3 درج - بني ابيض'.السعر هو 3399.0. الخصم المتاح هو 32.49255213505462. ,https://www.raneen.com/ar/ho1116746bnw
المنتج هو 'جزامة ام دى اف، 47×95×40 سم - أسود'.السعر هو 2740.0. الخصم المتاح هو 29.994890137966273. ,https://www.raneen.com/ar/sr-005-furvive
المنتج هو 'لمبادير مودرن خشب موسكي، 1 لمبة، 40×165×40 سم - بيج اوف وايت'.السعر هو 1190.0. الخصم المتاح هو 54.195535026943794. ,https://www.raneen.com/ar/1-40-165-40-q
المنتج هو 'نجفة سقف، 3 لمبات، 50×30 سم - ذهبي'.السعر هو 500.0. الخصم المتاح هو 50.0. ,https://www.raneen.com/ar/c220gld
المنتج هو 'أبليك حائطي، 1 لمبة، 35×15 سم - ذهبي'.السعر هو 450.0. الخصم المتاح هو 44.44444444444444. ,https://www.raneen.com/ar/c290gld
المنتج هو 'نجفة سقف، 50×45 سم، 6 لمبة - ذهبي'.السعر هو 1750.0. الخصم المتاح هو 27.953890489913547. ,https://www.raneen.com/ar/c449gold
المنتج هو 'ابليك مودرن، 2 لمبة، 35×18 سم - فضى'.السعر هو 1150.0. الخصم المتاح هو 14.814814814814813. ,https://www.raneen.com/ar/amc540slv
المنتج هو 'نجفة سقف،25x65 سم - اسود'.السعر هو 899.0. الخصم المتاح هو 18.272727272727273. ,https://www.raneen.com/ar/mfmfylr39lightmc
المنتج هو 'نجفة سقف،70x23 سم - اسود ذهبي'.السعر هو 899.0. الخصم المتاح هو 10.01001001001001. ,https://www.raneen.com/ar/ceiling-chandelier-23x70-cm-off-white
المنتج هو 'نجفة سقف مودرن ستيل، 3 لمبات، 80x40 سم - اسود'.السعر هو 808.0. الخصم المتاح هو 32.666666666666664. ,https://www.raneen.com/ar/mf556395blk
المنتج هو 'نجفة سقف، 6 لمبات، 30×65 سم - اسود'.السعر هو 700.0. الخصم المتاح هو 17.647058823529413. ,https://www.raneen.com/ar/c142blk
المنتج هو 'نجفة سقف، 6 لمبات، 30×45 سم - ابيض'.السعر هو 1600.0. الخصم المتاح هو 27.27272727272727. ,https://www.raneen.com/ar/c132wit
المنتج هو 'نجف مودرن معدن ، 70×30 سم، 3 لمبة - ذهبى'.السعر هو 679.0. الخصم المتاح هو 30.0. ,https://www.raneen.com/ar/rl-sc-010gld
المنتج هو 'نجفة سقف، 6 لمبة، 25×70 سم - ذهبى'.السعر هو 1350.0. الخصم المتاح هو 37.00419972001867. ,https://www.raneen.com/ar/ceiling-chandelier-6-lamps-25-70-cm-gold-amc555gld
المنتج هو 'نجفة سقف، 9 لمبة، 40×60 سم - اسود فضي'.السعر هو 1980.0. الخصم المتاح هو 37.002863506204264. ,https://www.raneen.com/ar/edge-light-ceiling-chandelier-9-lamps-40-60-cm-black-silver
المنتج هو 'مصباح ارضي معدن، 1 لمبة، 160×30 سم - اسود'.السعر هو 1400.0. الخصم المتاح هو 35.12511584800742. ,https://www.raneen.com/ar/edge-light-lampshades-1-lamps-160-30-cm-black
المنتج هو 'نجفة سقف، 4 لمبة، 25×45 سم - ذهبى'.السعر هو 650.0. الخصم المتاح هو 30.032292787944026. ,https://www.raneen.com/ar/amc563gld
المنتج هو 'نجفة سقف،23x24 سم - اسود'.السعر هو 379.0. الخصم المتاح هو 15.590200445434299. ,https://www.raneen.com/ar/mfmfylr25lightmc
المنتج هو 'نجف ستيل مودرن، 65×70 سم - ذهبى'.السعر هو 1899.0. الخصم المتاح هو 5.002501250625312. ,https://www.raneen.com/ar/adyl676mcl
المنتج هو 'نجفة سقف، 60×29 سم، 6 لمبة - اسود'.السعر هو 999.0. الخصم المتاح هو 33.4. ,https://www.raneen.com/ar/c40blk
المنتج هو 'نجفة سقف مودرن، 9 لمبة - اسود'.السعر هو 999.0. الخصم المتاح هو 23.153846153846153. ,https://www.raneen.com/ar/c202gld
المنتج هو 'سبوت بانل ليد بارز، 5 قطع، 18 وات - ابيض'.السعر هو 740.0. الخصم المتاح هو 7.3842302878598245. ,https://www.raneen.com/ar/b08ynrz426
المنتج هو 'دولاب ملابس بوحدة ادراج خشب ام دي اف، 140×50×200 سم - ابيض'.السعر هو 11419.0. الخصم المتاح هو 30.000613008030406. ,https://www.raneen.com/ar/wardrobe-mdf-wood-140-200-50-white-mzwardrobe4wit-2
المنتج هو 'سرير أطفال مزدوج، 200×150×110 - رمادى'.السعر هو 4499.0. الخصم المتاح هو 29.998444064104557. ,https://www.raneen.com/ar/steel-twin-bed-grey-mzu047gry
المنتج هو 'دولاب ملابس معدن خشب ام دي اف، 105×48×180 سم - ابيض'.السعر هو 14400.0. الخصم المتاح هو 9.547738693467336. ,https://www.raneen.com/ar/wardrobe-30-50-70-cm-white-2
المنتج هو 'دولاب ملابس مفتوح خشب ام دي اف، 120×50×190 سم - بيج'.السعر هو 9390.0. الخصم المتاح هو 28.544250818050376. ,https://www.raneen.com/ar/mhmpstaat130be-1
المنتج هو 'دولاب ملابس بوحدة ادراج خشب ام دي اف، 120×80×180 سم - ابيض'.السعر هو 9387.0. الخصم المتاح هو 29.58517740604606. ,https://www.raneen.com/ar/mdf-wardrobe-with-drawers-120-200-55-cm-white-2
المنتج هو 'غرفة نوم كاملة خشب ام دي اف، 5 قطع - بيج ابيض'.السعر هو 24999.0. الخصم المتاح هو 44.446666666666665. ,https://www.raneen.com/ar/complete-bedroom-mdf-wood-5-pieces-beige-white-comdes-bed1-beigewhite
المنتج هو 'غرفة نوم كاملة خشب ام دي اف، 5 قطع - ابيض'.السعر هو 34340.0. الخصم المتاح هو 15.41871921182266. ,https://www.raneen.com/ar/mdf-wood-complete-bedroom-set-5-pieces-white
المنتج هو 'غرفة نوم كاملة 3 قطع ام دي اف - ابيض'.السعر هو 16170.0. الخصم المتاح هو 35.32. ,https://www.raneen.com/ar/abk00wth
المنتج هو 'سرير خشب زان، 120×195×120 سم - رمادي'.السعر هو 5000.0. الخصم المتاح هو 9.090909090909092. ,https://www.raneen.com/ar/beech-wood-bed-120-195-120-cm-greydam-33gry-1
المنتج هو 'سرير خشب زان، 120×195×160 سم - كاشمير'.السعر هو 6200.0. الخصم المتاح هو 11.428571428571429. ,https://www.raneen.com/ar/beech-wood-bed-120-195-160-cm-cashmeredam-42ksh-1
المنتج هو 'سرير مودرن خشب زان ابيض، 195×160×120 سم - اخضر'.السعر هو 6999.0. الخصم المتاح هو 12.5125. ,https://www.raneen.com/ar/white-beech-wood-modern-bed-195-160-120-cm-green-ymsh-bedsa35-40-grn
المنتج هو 'كومود خشب أم دي أف اسبانى، 45×40×35 سم - ابيض'.السعر هو 1899.0. الخصم المتاح هو 30.003685956505716. ,https://www.raneen.com/ar/spanish-mdf-wood-commode-45-40-35-cm-white-1
المنتج هو 'سرير خشب زان ابيض، 195×120×120 سم - رمادي غامق'.السعر هو 5699.0. الخصم المتاح هو 12.323076923076922. ,https://www.raneen.com/ar/white-beech-wood-bed-195-120-120-cm-dark-grey-ymsh-bedsa2-3-dgry
المنتج هو 'سرير خشب زان، 120×195×100 سم - رمادي'.السعر هو 4100.0. الخصم المتاح هو 8.88888888888889. ,https://www.raneen.com/ar/beech-wood-bed-120-195-100-cm-greydam-11gry-1
المنتج هو 'سرير خشب كبس كونتر، 120×125×195 سم مقاس مفرد - اوف وايت'.السعر هو 5595.0. الخصم المتاح هو 29.983731698160433. ,https://www.raneen.com/ar/press-counter-wood-bed-120-125-195-cm-single-size-off-whiteabdwso12ofw
المنتج هو 'سرير كابتونيه مودرن خشب زان ابيض، 195×120×120 سم - بينك'.السعر هو 5899.0. الخصم المتاح هو 15.728571428571428. ,https://www.raneen.com/ar/white-beech-wood-modern-capton-bed-195-120-120-cm-pink-ymsh-bedsa24-37-pnk
المنتج هو 'سرير كابتوينه خشب زان ابيض، 195×120×120 سم - ابيض'.السعر هو 5899.0. الخصم المتاح هو 15.728571428571428. ,https://www.raneen.com/ar/white-beech-wood-captain-bed-195-120-120-cm-white-ymsh-bedsa65-49-wit
المنتج هو 'دولاب ملابس خشب ام دي اف، 200×50×200 سم - بيج رمادي'.السعر هو 18699.0. الخصم المتاح هو 6.505. ,https://www.raneen.com/ar/mzwar007bng
المنتج هو 'طقم عشاء تشيب بورسلين لوتس دريم، 62 قطعة - اوف وايت ذهبي'.السعر هو 4799.0. الخصم المتاح هو 26.39570552147239. ,https://www.raneen.com/ar/ho1092166mc1
المنتج هو 'طقم عشاء بورسلين تشيب لوتس دريم، 62 قطعة - ابيض'.السعر هو 4799.0. الخصم المتاح هو 26.39570552147239. ,https://www.raneen.com/ar/ho1092151wi1
المنتج هو 'طقم عشاء اركوبيركس اركوجلاس، 20 قطعة - اسود ابيض'.السعر هو 399.0. الخصم المتاح هو 27.717391304347828. ,https://www.raneen.com/ar/ho1063703wb2
المنتج هو 'طقم عشاء اركوبيركس اركوجلاس، 20 قطعة - ابيض ازرق'.السعر هو 399.0. الخصم المتاح هو 27.717391304347828. ,https://www.raneen.com/ar/ho1063703wb1
المنتج هو 'طقم اطباق ميلامين مربع الشريف، 20 قطعة - ابيض روز'.السعر هو 1299.0. الخصم المتاح هو 23.588235294117645. ,https://www.raneen.com/ar/ho1127846mc2
المنتج هو 'طقم اطباق ميلامين مربع الشريف، 20 قطعة - ابيض بنفسجي'.السعر هو 999.0. الخصم المتاح هو 41.23529411764706. ,https://www.raneen.com/ar/ho1127846mc1
المنتج هو 'طقم عشاء مستدير اركوبال يااه لايف، 58 قطعة - ابيض'.السعر هو 4999.0. الخصم المتاح هو 20.143769968051117. ,https://www.raneen.com/ar/ho1126874mc1
المنتج هو 'طقم عشاء مستدير اركوبال يااه لايف، 58 قطعة - ابيض'.السعر هو 4999.0. الخصم المتاح هو 20.143769968051117. ,https://www.raneen.com/ar/ho1126872mc1
المنتج هو 'طقم عشاء مستدير اركوبال يااه لايف، 58 قطعة - ابيض'.السعر هو 4999.0. الخصم المتاح هو 20.143769968051117. ,https://www.raneen.com/ar/ho1126865mc1
المنتج هو 'طقم عشاء مستدير اركوبال يااه لايف، 58 قطعة - ابيض رمادي'.السعر هو 4999.0. الخصم المتاح هو 20.143769968051117. ,https://www.raneen.com/ar/ho1126861mc1
المنتج هو 'طقم عشاء مستدير اركوبال يااه لايف، 58 قطعة - ابيض رمادي'.السعر هو 4999.0. الخصم المتاح هو 20.143769968051117. ,https://www.raneen.com/ar/ho1126860mc1
المنتج هو 'طقم عشاء اركوبال مربع يااه لايف، 58 قطعة - ابيض'.السعر هو 5499.0. الخصم المتاح هو 15.65950920245399. ,https://www.raneen.com/ar/ho1126875wit
المنتج هو 'طقم عشاء اركوبال مربع يااه لايف، 58 قطعة - ابيض رمادي'.السعر هو 5499.0. الخصم المتاح هو 15.65950920245399. ,https://www.raneen.com/ar/ho1126317wit
المنتج هو 'طقم عشاء اركوبال مربع يااه لايف، 58 قطعة - ابيض'.السعر هو 5499.0. الخصم المتاح هو 15.65950920245399. ,https://www.raneen.com/ar/ho1126314wit
المنتج هو 'طقم اطباق ميلامين مستدير الشريف، 20 قطعة، بالأضافة الى 2 طبق مكسرات هدية - متعدد الالوان'.السعر هو 1299.0. الخصم المتاح هو 26.610169491525426. ,https://www.raneen.com/ar/ho1126650mc1
المنتج هو 'طقم عشاء زجاج، 18 قطعة - شفاف'.السعر هو 180.0. الخصم المتاح هو 18.181818181818183. ,https://www.raneen.com/ar/ho1126298clr
المنتج هو 'طقم عشاء ميلامين مربع كازان، 38 قطعة - متعدد الالوان'.السعر هو 3199.0. الخصم المتاح هو 18.392857142857146. ,https://www.raneen.com/ar/ho1126443mc1
المنتج هو 'طقم عشاء ميلامين مربع كازان، 38 قطعة - ابيض اسود'.السعر هو 3299.0. الخصم المتاح هو 15.841836734693878. ,https://www.raneen.com/ar/ho1126444mc1
المنتج هو 'طقم عشاء اركوبال مربع يااه لايف، 58 قطعة - ابيض'.السعر هو 5999.0. الخصم المتاح هو 17.82191780821918. ,https://www.raneen.com/ar/ho1126322mc1
المنتج هو 'طقم عشاء اركوبال مستدير يااه لايف، 58 قطعة - ابيض اخضر فاتح'.السعر هو 7499.0. الخصم المتاح هو 20.053304904051174. ,https://www.raneen.com/ar/ho1126311wi1
المنتج هو 'وعاء زجاج للعسل والصوص نيوفلام، 200 مل - فضي شفاف'.السعر هو 265.0. الخصم المتاح هو 0.0. ,https://www.raneen.com/ar/ho1107747slv
المنتج هو 'برطمان تخزين زجاج روكي، غطاء كرة خشب، 1000 مل - شفاف'.السعر هو 162.0. الخصم المتاح هو 0.0. ,https://www.raneen.com/ar/ho1117419clr
المنتج هو 'برطمان تخزين زجاج روكي، غطاء كرة خشب، 550 مل - شفاف'.السعر هو 100.0. الخصم المتاح هو 31.97278911564626. ,https://www.raneen.com/ar/ho1117418clr
المنتج هو 'طقم لانش بوكس بلاستيك ام ديزاين، 5 قطع - فوشيا'.السعر هو 299.0. الخصم المتاح هو 11.275964391691394. ,https://www.raneen.com/ar/ho1105018fch-1
المنتج هو 'علبة تخزين بقوليات لمسه بلاست، 1750 مل'.السعر هو 64.0. الخصم المتاح هو 0.0. ,https://www.raneen.com/ar/ho1123776cl3-1
المنتج هو 'طقم علب وجبات بلاستيك إليت، 8 قطعة'.السعر هو 170.0. الخصم المتاح هو 24.107142857142858. ,https://www.raneen.com/ar/ho1097612gry-1
المنتج هو 'طقم علب ثلاجة بلاستيك اليت، 6 قطع'.السعر هو 215.0. الخصم المتاح هو 12.955465587044534. ,https://www.raneen.com/ar/ho1124217tr1-1
المنتج هو 'طقم علب ثلاجة بلاستيك الهدي، 4 قطع'.السعر هو 172.0. الخصم المتاح هو 0.0. ,https://www.raneen.com/ar/ho1088480mov-1
المنتج هو 'طقم علب ثلاجه بلاستيك الهدي، 24 قطعة'.السعر هو 225.0. الخصم المتاح هو 25.496688741721858. ,https://www.raneen.com/ar/ho1111808mc6-1
المنتج هو 'وعاء زجاج للجبنه نيوفلام، 200 مل - شفاف'.السعر هو 115.0. الخصم المتاح هو 0.0. ,https://www.raneen.com/ar/ho1107748clr
المنتج هو 'برطمان بلاستيك بالغطاء لمسة، 2350 مل'.السعر هو 48.0. الخصم المتاح هو 0.0. ,https://www.raneen.com/ar/ho1123801ppr-1
المنتج هو 'طقم حافظة طعام بلاستيك الوطنية، 3 قطع'.السعر هو 89.0. الخصم المتاح هو 0.0. ,https://www.raneen.com/ar/ho1126909cl1-1
المنتج هو 'طقم علب ثلاجه اكريليك فالمر، 3 قطع، غطاء كليبس ومصفاة داخلية - شفاف ابيض'.السعر هو 699.0. الخصم المتاح هو 20.92760180995475. ,https://www.raneen.com/ar/ho1119123clr
المنتج هو 'برطمان بلاستيك مستدير ماكس بلاست، 850 مل'.السعر هو 46.0. الخصم المتاح هو 0.0. ,https://www.raneen.com/ar/ho1120618wit-1
المنتج هو 'طقم علب ثلاجة بلاستيك الوطنية، 4 قطع'.السعر هو 85.0. الخصم المتاح هو 0.0. ,https://www.raneen.com/ar/ho1125230cl3-1
المنتج هو 'لانش بوكس على شكل زهور، متعدد الألوان'.السعر هو 390.0. الخصم المتاح هو 11.363636363636363. ,https://www.raneen.com/ar/4032
المنتج هو 'طقم علبة ثلاجة بلاستيك الوطنية، 4 قطع'.السعر هو 80.0. الخصم المتاح هو 0.0. ,https://www.raneen.com/ar/ho1125231cl1-1
المنتج هو 'شانون الهلال و النجمة، 4 دور - بيج بني'.السعر هو 1090.0. الخصم المتاح هو 0.0. ,https://www.raneen.com/ar/el-helal-star-storage-drawer-units-4-drawers-brown-beige
المنتج هو 'لانش بوكس بزجاجة مياه بلاستيك للاطفال فالمر، قطعتين - ازرق ليموني'.السعر هو 185.0. الخصم المتاح هو 0.0. ,https://www.raneen.com/ar/ho1119370mc1
المنتج هو 'طقم حافظة طعام بلاستيك دريم، قلب ستانلس ستيل، شكل جرانيت، 4 قطع - بيج ابيض'.السعر هو 965.0. الخصم المتاح هو 0.0. ,https://www.raneen.com/ar/ho1123960bg1-1
المنتج هو 'طقم كوفرتة قطيفة ليزا، 3 قطع، 240×260 سم، 4200 جرام - بنفسجي'.السعر هو 3030.0. الخصم المتاح هو 0.0. ,https://www.raneen.com/ar/tx1120803ppr-1
المنتج هو 'طقم كوفرتة قطن هانا، 3 قطع، 240×240 سم، 3000 جرام'.السعر هو 1199.0. الخصم المتاح هو 11.512915129151292. ,https://www.raneen.com/ar/tx1124896gw2-1
المنتج هو 'طقم كوفرتة قطن بيسان، 3 قطع، 225×240 سم، 1800 جرام تقريبا'.السعر هو 749.0. الخصم المتاح هو 22.383419689119172. ,https://www.raneen.com/ar/tx1117828mc5-1
المنتج هو 'طقم كوفرتة اطفال مايكروفايبر رونزا هوم، 4 قطع، 240×180 سم، 3300 جرام'.السعر هو 1399.0. الخصم المتاح هو 14.69512195121951. ,https://www.raneen.com/ar/tx1113225mc3-1
المنتج هو 'طقم كوفرتة و ملاية قطن كيفا، 5 قطع، 4600 جرام'.السعر هو 1349.0. الخصم المتاح هو 16.211180124223603. ,https://www.raneen.com/ar/tx1120752pt1-1
المنتج هو 'طقم كوفرتة مايكروفايبر رونزا هوم، 3 قطع، 230×240 سم، 1900 جرام'.السعر هو 939.0. الخصم المتاح هو 13.456221198156681. ,https://www.raneen.com/ar/tx1113224ma4-1
المنتج هو 'كوفرتة سرير جاكار شبل تكس، 200×210 سم'.السعر هو 199.0. الخصم المتاح هو 25.468164794007492. ,https://www.raneen.com/ar/shebltex-jacquard-comforter-200-210-cm
المنتج هو 'طقم كوفرتة و ملاية قطن جانيس، 6 قطع، 5000 جرام - ابيض'.السعر هو 1849.0. الخصم المتاح هو 22.635983263598327. ,https://www.raneen.com/ar/tx1120759wi1
المنتج هو 'طقم كوفرتة و ملاية قطن جانيس، 6 قطع، 5200 جرام - ابيض'.السعر هو 1999.0. الخصم المتاح هو 18.24130879345603. ,https://www.raneen.com/ar/tx1111058wit
المنتج هو 'طقم كوفرتة قطن هانا، 4 قطع، 240×180 سم، 4500 جرام - متعدد الالوان'.السعر هو 2180.0. الخصم المتاح هو 0.0. ,https://www.raneen.com/ar/tx1124895mc1
المنتج هو 'طقم كوفرتة قطن هانا، 4 قطع، 240×180 سم، 4500 جرام - متعدد الالوان'.السعر هو 2180.0. الخصم المتاح هو 0.0. ,https://www.raneen.com/ar/tx1124895mc2
المنتج هو 'طقم كوفرتة قطن هانا، 4 قطع، 240×180 سم، 4500 جرام - متعدد الالوان'.السعر هو 2180.0. الخصم المتاح هو 0.0. ,https://www.raneen.com/ar/tx1124895mc3
المنتج هو 'طقم كوفرتة قطن هانا، 4 قطع، 240×180 سم، 4500 جرام - متعدد الالوان'.السعر هو 2180.0. الخصم المتاح هو 0.0. ,https://www.raneen.com/ar/tx1124895mc4
المنتج هو 'كوفرته سرير جاكار الفردوس، 210×220 سم'.السعر هو 249.0. الخصم المتاح هو 22.67080745341615. ,https://www.raneen.com/ar/tx1082825mv2-conf
المنتج هو 'كوفرته سرير جاكار كازانوفا، 230×210 سم، 2400 جرام'.السعر هو 329.0. الخصم المتاح هو 26.39821029082774. ,https://www.raneen.com/ar/tx1082826mv2-1
المنتج هو 'كوفرتة قطن المأمون، 220×240 سم - متعدد الالوان'.السعر هو 499.0. الخصم المتاح هو 7.592592592592593. ,https://www.raneen.com/ar/tx1091915mc1-1
المنتج هو 'كوفرته قطن مخمل، 240×180 سم، 1450 جرام تقريبا'.السعر هو 449.0. الخصم المتاح هو 17.915904936014627. ,https://www.raneen.com/ar/tx1105466mt5-1
المنتج هو 'كوفرتة جاكار المأمون، 260×240 سم'.السعر هو 919.0. الخصم المتاح هو 3.769633507853403. ,https://www.raneen.com/ar/tx1091913gry-1
المنتج هو 'كوفرته قطن بشراشيب ايرينا، 235×205 سم، 1600 جرام - رمادي داكن'.السعر هو 899.0. الخصم المتاح هو 15.188679245283017. ,https://www.raneen.com/ar/tx1107019dgy
المنتج هو 'طقم كوفرتة قطن المأمون، 3 قطع، 240×240 سم'.السعر هو 1399.0. الخصم المتاح هو 7.9605263157894735. ,https://www.raneen.com/ar/tx1015196-conf
المنتج هو 'شنطة قماش للسيدات بيد جلد، 2 سوستة، 30×35 سم'.السعر هو 105.0. الخصم المتاح هو 42.30769230769231. ,https://www.raneen.com/ar/tx1104080rd1-1
المنتج هو 'شنطة جلد بيد دائرية للسيدات، 24×16 سم'.السعر هو 175.0. الخصم المتاح هو 31.906614785992215. ,https://www.raneen.com/ar/tx1102451blk-1
المنتج هو 'سكارف صوف للسيدات سيزر'.السعر هو 75.0. الخصم المتاح هو 44.44444444444444. ,https://www.raneen.com/ar/fs1123475nvy-1
المنتج هو 'باليرينا جلد اكس اوه ستايل للسيدات'.السعر هو 454.0. الخصم المتاح هو 61.03004291845494. ,https://www.raneen.com/ar/xo-1293-conf
المنتج هو 'شنطة كابوتنيه جلد بيد دائرية للسيدات، 29×19 سم'.السعر هو 155.0. الخصم المتاح هو 37.24696356275304. ,https://www.raneen.com/ar/tx1102452beg-1
المنتج هو 'طقم شراب هاف سوكيت للسيدات سولو، 3 قطع، مقاس موحد - متعدد الالوان'.السعر هو 105.0. الخصم المتاح هو 16.0. ,https://www.raneen.com/ar/fs1114532mc2
المنتج هو 'شنطة جلد بيد دائرية للسيدات، 22×17 سم'.السعر هو 155.0. الخصم المتاح هو 34.59915611814346. ,https://www.raneen.com/ar/tx1102455blk-1
المنتج هو 'حقيبة يد سواريه سيدات ، مقاس واحد ، جلد صناعي - رمادي'.السعر هو 1159.0. الخصم المتاح هو 20.013802622498275. ,https://www.raneen.com/ar/4095070400
المنتج هو 'حذاء اسبدري قماش للسيدات'.السعر هو 115.0. الخصم المتاح هو 42.5. ,https://www.raneen.com/ar/sh1118232b97-1
المنتج هو 'طقم شراب هاف سوكيت للسيدات سولو، 3 قطع، مقاس موحد - متعدد الالوان'.السعر هو 105.0. الخصم المتاح هو 16.0. ,https://www.raneen.com/ar/fs1114532mc1
المنتج هو 'طقم شراب هاف سوكيت قطن للسيدات سولو، 3 قطع - متعدد الالوان'.السعر هو 105.0. الخصم المتاح هو 16.0. ,https://www.raneen.com/ar/fs1114528mc1
المنتج هو 'صندل جلد اكس اوه ستايل للسيدات'.السعر هو 488.0. الخصم المتاح هو 31.26760563380282. ,https://www.raneen.com/ar/xo-1289-conf
المنتج هو 'ترنج ميلتون للسيدات سيزر، قطعتين، مقاس XL - بينك'.السعر هو 315.0. الخصم المتاح هو 45.21739130434783. ,https://www.raneen.com/ar/fs1123625pnk
المنتج هو 'شنطة كابوتنيه جلد بيد دائرية للسيدات، 30×26 سم'.السعر هو 185.0. الخصم المتاح هو 37.71043771043771. ,https://www.raneen.com/ar/tx1102448bg1-1
المنتج هو 'حذاء للنساء كعب متوسط مع كعب اكس او ستايل'.السعر هو 639.0. الخصم المتاح هو 55.00000000000001. ,https://www.raneen.com/ar/1117-beige-conf
المنتج هو 'ترنج ميلتون للسيدات سيزر، قطعتين، مقاس 2XL - بينك'.السعر هو 315.0. الخصم المتاح هو 45.21739130434783. ,https://www.raneen.com/ar/fs1123621pnk
المنتج هو 'ترنج ميلتون للسيدات سيزر، قطعتين، مقاس L - بينك'.السعر هو 315.0. الخصم المتاح هو 45.21739130434783. ,https://www.raneen.com/ar/fs1123623pnk
المنتج هو 'حقيبة يد سواريه سيدات ، مقاس واحد ، جلد صناعي - ذهبي'.السعر هو 1591.0. الخصم المتاح هو 20.01005530417295. ,https://www.raneen.com/ar/4096071600
المنتج هو 'تنورة رياضية بوليستر للبنات - أخضر'.السعر هو 252.0. الخصم المتاح هو 10.0. ,https://www.raneen.com/ar/hcn-0170-g01-r-1
المنتج هو 'شورت رياضي بوليستر للأولاد - أبيض'.السعر هو 248.0. الخصم المتاح هو 9.818181818181818. ,https://www.raneen.com/ar/shb-0022-b01-r-1
المنتج هو 'شورت رياضي بوليستر للبنات - أبيض'.السعر هو 270.0. الخصم المتاح هو 10.0. ,https://www.raneen.com/ar/shb-0028-g06-r-1
المنتج هو 'تي شيرت نص كم بوليستر للأولاد - أبيض'.السعر هو 248.0. الخصم المتاح هو 9.818181818181818. ,https://www.raneen.com/ar/tsn-0155-b03-r-1
المنتج هو 'شورت رياضي بوليستر للبنات - أسود'.السعر هو 270.0. الخصم المتاح هو 10.0. ,https://www.raneen.com/ar/shb-0029-g01-r-1
المنتج هو 'تي شيرت نص كم بوليستر للأولاد - أسود'.السعر هو 248.0. الخصم المتاح هو 9.818181818181818. ,https://www.raneen.com/ar/tsn-0156-b01-r-1
المنتج هو 'فيست رياضى بوليستر للبنات - أسود'.السعر هو 292.0. الخصم المتاح هو 10.153846153846153. ,https://www.raneen.com/ar/vsn-0154-g05-r-1
المنتج هو 'شورت رياضي بوليستر للأولاد - أسود'.السعر هو 270.0. الخصم المتاح هو 10.0. ,https://www.raneen.com/ar/shb-0029-b01-r-1
المنتج هو 'تي شيرت بدون اكمام بوليستر للبنات - نبيتي'.السعر هو 315.0. الخصم المتاح هو 10.0. ,https://www.raneen.com/ar/tsb-0019-g01-r-1
المنتج هو 'فيست رياضى بوليستر للأولاد - أبيض'.السعر هو 270.0. الخصم المتاح هو 10.0. ,https://www.raneen.com/ar/vsn-0151-b04-r-1
المنتج هو 'تي شيرت بدون اكمام بوليستر للبنات - برتقالي'.السعر هو 315.0. الخصم المتاح هو 10.0. ,https://www.raneen.com/ar/tsb-0020-g03-r-1
المنتج هو 'فيست رياضى بوليستر للأولاد - أسود'.السعر هو 270.0. الخصم المتاح هو 10.0. ,https://www.raneen.com/ar/vsn-0152-b03-r-1
المنتج هو 'تي شيرت بدون اكمام بوليستر للبنات - أبيض'.السعر هو 315.0. الخصم المتاح هو 10.0. ,https://www.raneen.com/ar/tsb-0021-g02-r-1
المنتج هو 'فيست رياضى بوليستر للأولاد - أبيض'.السعر هو 292.0. الخصم المتاح هو 10.153846153846153. ,https://www.raneen.com/ar/vsn-0153-b01-r-1
المنتج هو 'تي شيرت نص كم بوليستر للبنات - أبيض'.السعر هو 315.0. الخصم المتاح هو 10.0. ,https://www.raneen.com/ar/tsf-0039-g01-r-1
المنتج هو 'فيست رياضى بوليستر للأولاد - أسود'.السعر هو 292.0. الخصم المتاح هو 10.153846153846153. ,https://www.raneen.com/ar/vsn-0154-b01-r-1
المنتج هو 'تي شيرت نص كم بوليستر للبنات - أزرق سماوي'.السعر هو 328.0. الخصم المتاح هو 10.136986301369863. ,https://www.raneen.com/ar/tsb-0005-g01-r-1
المنتج هو 'تي شيرت بدون اكمام بوليستر للأولاد - برتقالي'.السعر هو 315.0. الخصم المتاح هو 10.0. ,https://www.raneen.com/ar/tsb-0015-b04-r-1
المنتج هو 'شورت رياضي بوليستر للبنات - أبيض'.السعر هو 338.0. الخصم المتاح هو 9.866666666666667. ,https://www.raneen.com/ar/shb-0024-g02-r-1
المنتج هو 'تي شيرت بدون اكمام بوليستر للأولاد - أبيض'.السعر هو 315.0. الخصم المتاح هو 10.0. ,https://www.raneen.com/ar/tsb-0016-b01-r-1
المنتج هو 'حذاء سهل الارتداء جلد للرجال'.السعر هو 155.0. الخصم المتاح هو 20.51282051282051. ,https://www.raneen.com/ar/men-s-leather-slip-on-shoes
المنتج هو 'حذاء سهل الارتداء شمواه للرجال فينيتو'.السعر هو 175.0. الخصم المتاح هو 32.69230769230769. ,https://www.raneen.com/ar/sh1100224conf
المنتج هو 'حذاء أكسفورد جلد طبيعي للرجال ليسز، نعل رابر'.السعر هو 425.0. الخصم المتاح هو 43.1057563587684. ,https://www.raneen.com/ar/1101400conf1
المنتج هو 'حذاء سهل الارتداء جلد شاموزيت طبيعي للرجال ليسز'.السعر هو 310.0. الخصم المتاح هو 37.62575452716298. ,https://www.raneen.com/ar/1101403conf1
المنتج هو 'تي شيرت بولو نصف كم للرجال قطن سيزر'.السعر هو 251.0. الخصم المتاح هو 49.8. ,https://www.raneen.com/ar/17136-lightgreen-m-1
المنتج هو 'حذاء جلد للرجال تيستا تورو'.السعر هو 289.0. الخصم المتاح هو 27.750000000000004. ,https://www.raneen.com/ar/leather-shoes-for-men-size-41-eu-white-black-86b0chhjqpw2bw41eu-1
المنتج هو 'حذاء اكسفورد جلد للرجال كلانك'.السعر هو 499.0. الخصم المتاح هو 46.170442286947136. ,https://www.raneen.com/ar/sh1111769sb1-1
المنتج هو 'شورت بحر للرجال ووتربروف سيزر'.السعر هو 112.0. الخصم المتاح هو 60.0. ,https://www.raneen.com/ar/17505-blue-m-1
المنتج هو 'حذاء رياضى جلد برباط للرجال ديسيرت'.السعر هو 185.0. الخصم المتاح هو 45.588235294117645. ,https://www.raneen.com/ar/sh1112704w42-1
المنتج هو 'شنطة ظهر ميلوكس مقاومة للماء، 3 قطع - رمادي'.السعر هو 345.0. الخصم المتاح هو 0.0. ,https://www.raneen.com/ar/b0bfmr27kf
المنتج هو 'ساعة يد أنالوج للرجال كاسيو، سوار ستانلس ستيل، MTP-V001D-1BUDF - فضى'.السعر هو 1595.0. الخصم المتاح هو 45.47008547008547. ,https://www.raneen.com/ar/casio-mtp-v001d-1budf-analog-stainless-steel-band-casual-watch-for-men-silver
المنتج هو 'شبشب سلايد للرجال اوندا - اسود'.السعر هو 105.0. الخصم المتاح هو 12.5. ,https://www.raneen.com/ar/rock-fabric-sneakers-for-men-45-eu-black-sh1094274b15-1
المنتج هو 'حذاء رياضي قماش للرجال فينيتو'.السعر هو 249.0. الخصم المتاح هو 47.02127659574468. ,https://www.raneen.com/ar/sh1091334b12-1
المنتج هو 'حذاء سنيكر للرجال تيستا تورو'.السعر هو 299.0. الخصم المتاح هو 33.55555555555556. ,https://www.raneen.com/ar/41-x9-b-42
المنتج هو 'شبشب سلايد بلاستيك للرجال اوندا'.السعر هو 145.0. الخصم المتاح هو 34.090909090909086. ,https://www.raneen.com/ar/sh1117355bk6-1
المنتج هو 'شبشب سلايد بلاستيك للرجال اوندا'.السعر هو 175.0. الخصم المتاح هو 31.372549019607842. ,https://www.raneen.com/ar/sh1117356bg0-1
المنتج هو 'شبشب سلايد بلاستيك للرجال اوندا'.السعر هو 125.0. الخصم المتاح هو 37.5. ,https://www.raneen.com/ar/sh1117357bk0-1
المنتج هو 'تي شيرت بولو نصف كم للرجال قطن سيزر'.السعر هو 251.0. الخصم المتاح هو 49.8. ,https://www.raneen.com/ar/17517-multicolour-m-1
المنتج هو 'شبشب سلايد بلاستيك للرجال اوندا'.السعر هو 125.0. الخصم المتاح هو 28.57142857142857. ,https://www.raneen.com/ar/sh1117360nv0-1
المنتج هو 'لحاف فايبر لازورد، 230×200 سم، 2600 جرام تقريبا'.السعر هو 599.0. الخصم المتاح هو 24.654088050314467. ,https://www.raneen.com/ar/tx1120649drd-1
المنتج هو 'لحاف فايبر، 230×200 سم، 2 كجم تقريبا'.السعر هو 369.0. الخصم المتاح هو 10.0. ,https://www.raneen.com/ar/tx1052717ol2-1
المنتج هو 'لحاف فايبر بد اند بد، 230×220سم، 3 قطع'.السعر هو 1029.0. الخصم المتاح هو 7.713004484304934. ,https://www.raneen.com/ar/tx1015143rs1-1
المنتج هو 'لحاف سرير شتوي من المايكروفايبر، لحاف فايبر بديل للريش، لحاف، 180×220 سم- كحلي'.السعر هو 649.0. الخصم المتاح هو 53.642857142857146. ,https://www.raneen.com/ar/microfiber-bed-comforter-fiber-comforter-filling-quilt-blanket-180-220-navy
المنتج هو 'طقم 2 لحاف شبابي مايكروفايبر لازورد، قطعتين، 230×170 سم، 4600 جرام تقريبا'.السعر هو 999.0. الخصم المتاح هو 7.92626728110599. ,https://www.raneen.com/ar/tx1122844gy1-1
المنتج هو 'طقم لحاف وجهين رويال بالاس، 3 قطع'.السعر هو 2599.0. الخصم المتاح هو 22.417910447761194. ,https://www.raneen.com/ar/tx1108823mv1-1
المنتج هو 'طقم لحاف قطيفة المأمون، 240×230 سم، 3 قطع'.السعر هو 2749.0. الخصم المتاح هو 2.517730496453901. ,https://www.raneen.com/ar/tx1065121lb1-1
المنتج هو 'لحاف سرير مايكروفايبر، 220×240 سم - بني كافية'.السعر هو 749.0. الخصم المتاح هو 53.1875. ,https://www.raneen.com/ar/selecthome-brown220240
المنتج هو 'طقم لحاف اطفال المأمون، 3 قطع'.السعر هو 1699.0. الخصم المتاح هو 7.913279132791327. ,https://www.raneen.com/ar/al-maamoun-baby-quilt-set-240x240-cm-3-pieces
المنتج هو 'طقم لحاف قطيفة رويال بالاس، 4 قطع، 9500 جرام تقريبا'.السعر هو 3149.0. الخصم المتاح هو 18.52522639068564. ,https://www.raneen.com/ar/tx1109277dr1-1
المنتج هو 'طقم لحاف فرو ساده ايفتيكس، 3 قطع، 7000 جرام تقريبا'.السعر هو 2269.0. الخصم المتاح هو 21.758620689655174. ,https://www.raneen.com/ar/tx1098024rs3-1
المنتج هو 'لحاف فايبر صيفى بد ان هوم،، 180×220 سم - ابيض'.السعر هو 902.0. الخصم المتاح هو 4.952581664910432. ,https://www.raneen.com/ar/bed-n-home-microfiber-quilt-1-pieces-220-180-cm-white
المنتج هو 'طقم لحاف قطيفة ليزا، 3 قطع، 240×240 سم، 7000 جرام تقريبا'.السعر هو 2569.0. الخصم المتاح هو 19.21383647798742. ,https://www.raneen.com/ar/tx1120802rd1-conf
المنتج هو 'طقم لحاف أطفال قطيفة دينيزلي، 6 قطع، 240×190 سم، 10 كجم تقريبا - بني'.السعر هو 3269.0. الخصم المتاح هو 23.442622950819672. ,https://www.raneen.com/ar/tx1117823gl1
المنتج هو 'طقم لحاف قطن المأمون، 3 قطع، 240×240 سم، 4850 جرام تقريبا - رمادي'.السعر هو 2099.0. الخصم المتاح هو 3.2718894009216593. ,https://www.raneen.com/ar/tx1122647gy1
المنتج هو 'لحاف سرير مايكروفايبر، 180×220 سم - رمادي كحلي'.السعر هو 649.0. الخصم المتاح هو 53.642857142857146. ,https://www.raneen.com/ar/selecthome-greynavy180220
المنتج هو 'لحاف قطن المأمون، 3 قطع'.السعر هو 2000.0. الخصم المتاح هو 0.0. ,https://www.raneen.com/ar/al-maamoun-cotton-quilt-3-pieces
المنتج هو 'طقم لحاف مايكروفايبر رونزا هوم، 4 قطع - متعدد الالوان'.السعر هو 1599.0. الخصم المتاح هو 10.670391061452515. ,https://www.raneen.com/ar/tx1107691lb3-1
المنتج هو 'طقم لحاف قطيفة بظهر فرو، 3 قطع، 6700 جرام تقريبا - متعدد الالوان'.السعر هو 3249.0. الخصم المتاح هو 10.49586776859504. ,https://www.raneen.com/ar/tx1108014gy1-1
المنتج هو 'لحاف سرير شتوي من المايكروفايبر، لحاف فايبر بديل للريش، لحاف، 220×240 سم- كحلي'.السعر هو 749.0. الخصم المتاح هو 53.1875. ,https://www.raneen.com/ar/microfiber-bed-quilt-fiber-quilt-filling-quilt-blanket-220-240-navy
المنتج هو 'طقم ملاية سرير، 5 قطع، 220×240 سم تقريبا'.السعر هو 239.0. الخصم المتاح هو 18.983050847457626. ,https://www.raneen.com/ar/tx1048610wf2-1
المنتج هو 'طقم ملايه سرير لاين سليب ميكروفايبر، 2 قطعة، 180×220 سم - متعدد الالوان'.السعر هو 199.0. الخصم المتاح هو 50.24999999999999. ,https://www.raneen.com/ar/line-sleep-microfiber-bed-sheet-set-2-pieces-180-220-cm-multicolor-ls-l-105-multicolor
المنتج هو 'طقم مفرش سرير جولدن هاوس، 240×220 سم، 4 قطع'.السعر هو 869.0. الخصم المتاح هو 19.907834101382488. ,https://www.raneen.com/ar/tx1092869ros-1
المنتج هو 'ملاية قطن بأستك نايس هوم، 100×200 سم'.السعر هو 209.0. الخصم المتاح هو 35.09316770186335. ,https://www.raneen.com/ar/nice-home-cotton-bed-sheet-100-200-cm
المنتج هو 'طقم ملايه سرير لاين سليب ميكروفايبر، 2 قطعة، 180×220 سم - متعدد الالوان'.السعر هو 289.0. الخصم المتاح هو 39.791666666666664. ,https://www.raneen.com/ar/line-sleep-microfiber-bed-sheet-set-2-pieces-180-220-cm-multicolor-ls-l-108-multicolor
المنتج هو 'طقم ملاية سرير نايس هوم، 2 خدادية، 160 سم، 3 قطع'.السعر هو 349.0. الخصم المتاح هو 33.776091081593925. ,https://www.raneen.com/ar/nice-home-bed-sheet-set-2-pillow-160-cm-3-pieces-white-tx1042296wit-1
المنتج هو 'طقم ملايه سرير قماش مطبوع، 4 قطع، 235×215 سم تقريبا'.السعر هو 199.0. الخصم المتاح هو 18.775510204081634. ,https://www.raneen.com/ar/tx1017810mc6-1
المنتج هو 'ملاية سرير بأستك نايس هوم، 200×200 سم'.السعر هو 309.0. الخصم المتاح هو 35.22012578616352. ,https://www.raneen.com/ar/nice-home-cotton-bed-sheet-200-200-cm
المنتج هو 'طقم ملايه سرير لاين سليب ميكروفايبر، 3 قطعة، 220×240 سم - متعدد الالوان'.السعر هو 249.0. الخصم المتاح هو 50.2. ,https://www.raneen.com/ar/line-sleep-microfiber-bed-sheet-set-3-pieces-220-240-cm-multicolor-ls-l-108-1-multicolor
المنتج هو 'طقم ملاية سرير بأستك نايس هوم، 2 خدادية، 120 سم، 3 قطع'.السعر هو 349.0. الخصم المتاح هو 26.834381551362686. ,https://www.raneen.com/ar/nice-home-bed-sheet-set-2-pillow-120-cm-3-pieces
المنتج هو 'ملاية سرير بأستك نايس هوم، 180×200 سم'.السعر هو 289.0. الخصم المتاح هو 33.86727688787185. ,https://www.raneen.com/ar/nice-home-elastic-sheet-180-x-200-cm-white-tx1042121wit-1
المنتج هو 'طقم مفرش سرير جولدن هاوس، 180×220 سم، 6 قطع'.السعر هو 779.0. الخصم المتاح هو 39.37743190661479. ,https://www.raneen.com/ar/tx1092871caf-1
المنتج هو 'طقم ملاية اطفال 3 قطع - قطن مصرى مخلوط ملاية فلات- كحلي أبيض'.السعر هو 437.0. الخصم المتاح هو 27.04507512520868. ,https://www.raneen.com/ar/b0ctxf3nkd
المنتج هو 'طقم مفرش سرير جولدن هاوس، 240×220 سم، 4 قطع - اوف وايت'.السعر هو 869.0. الخصم المتاح هو 22.062780269058297. ,https://www.raneen.com/ar/tx1089624ofw
"المنتج هو 'طقم ملاية سرير ميكروفايبر بد اند بد، 4 قطع, 220×240 سم'.السعر هو 469.0. الخصم المتاح هو 8.932038834951456. ",https://www.raneen.com/ar/tx1015146ml4-1
المنتج هو 'طقم ملاية اطفال قطن سلمي، 6 قطع، 200×240 سم، 3500 جرام تقريبا'.السعر هو 969.0. الخصم المتاح هو 22.78884462151394. ,https://www.raneen.com/ar/tx1102379fc1-1
المنتج هو 'طقم ملاية قطن بد ان هوم، 270×240 سم'.السعر هو 798.0. الخصم المتاح هو 35.43689320388349. ,https://www.raneen.com/ar/bed-n-home-cotton-bedding-sheet-set-270-240-cm-white-1
المنتج هو 'ملاية بأستك نايس هوم، 160×200 سم'.السعر هو 299.0. الخصم المتاح هو 27.427184466019416. ,https://www.raneen.com/ar/nice-home-bed-cover-160-200-cm
المنتج هو 'طقم مفرش سرير قطن جانيس، 6 قطع، 5300 جرام تقريبا - اوف وايت'.السعر هو 2399.0. الخصم المتاح هو 26.184615384615384. ,https://www.raneen.com/ar/tx1120754ofw
المنتج هو 'طقم مفرش سرير قطن جانيس، 6 قطع، 5400 جرام تقريبا - اوف وايت'.السعر هو 2099.0. الخصم المتاح هو 27.620689655172413. ,https://www.raneen.com/ar/tx1111054ofw
