name,current_price,old_price,link
ثلاجة ديفروست يونيون اير جوستو، 2 باب، 350 لتر، ديجيتال تاتش، RD-350BB-DHGHUSTO - اسود,"13,150 جنيه
15,500 جنيه","15,500 جنيه",https://www.raneen.com/ar/unionaire-rd-350bb-dhghusto-gusto-defrost-refrigerator-2-doors-350-liters-digital-touch-black-3
"ثلاجة نوفروست توشيبا, 411 لتر, 2 باب, GR-RT559WE-DMN49 - فضي","24,800 جنيه","43,000 جنيه",https://www.raneen.com/ar/toshiba-gr-rt559we-dmn49-no-frost-refriger-411-liter-2-doors-silver-2
ثلاجة دبيلو الاسكا، ديفروست، 10قدم، KS-27 - ابيض,"9,789 جنيه","11,000 جنيه",https://www.raneen.com/ar/w-alaska-ks-27-refrigerator-de-frost-289-liter-white-1
"IDEAL Super Jumbo Defrost Refrigerator, 11 feet, 1 Door - White","11,000 جنيه","12,500 جنيه",https://www.raneen.com/ar/ka01000000ttt-conf
ثلاجة ديفروست هامبورج، 10 قدم، باب واحد، 280 لتر، FB29 - فضي,,,https://www.raneen.com/ar/hamburg-fb29-defrost-refrigerator-10-feet-one-door-280-liter-silver-fb29slv-2
ثلاجة ديفروست هامبورج، 11 قدم، 2 باب، 300 لتر، FB30 - فضي,"11,149 جنيه","13,500 جنيه",https://www.raneen.com/ar/hamburg-fb30-defrost-refrigerator-11-feet-2-doors-300-liter-silver-fb30slv-2
ثلاجة بيكو، نوفروست انفرتر 408 لتر، RDNE448M20B - اسود,"28,083 جنيه","34,068 جنيه",https://www.raneen.com/ar/el1089083slv-2
ثلاجة ديفروست فريش، 294 لتر، 2باب، FDD-B315BS - فضي,"13,795 جنيه","15,999 جنيه",https://www.raneen.com/ar/el1022000slv-2
ثلاجة نوفروست ميديا، 2 باب، 338 لتر، MDRT489MTN46- فضي,"16,999 جنيه","20,049 جنيه",https://www.raneen.com/ar/el1117130slv-2
ثلاجة ديفروست يونيون اير، 2 باب، 320 لتر، RD-320BBA-DHGHUSTO - أسود,"12,310 جنيه
15,700 جنيه","15,700 جنيه",https://www.raneen.com/ar/unionaire-rd-320bb2-ds-defrost-refrigerator-2-door-320-liter-black-1
ثلاجة ديفروست جوستو يونيون اير، 310 لتر، 2 باب، RD-320BB-DVGSGHUSTO - اسود,"12,350 جنيه
16,000 جنيه","16,000 جنيه",https://www.raneen.com/ar/el1114642blk-1
ثلاجة ديفروست هامبورج، 12 قدم، 2 باب، 320 لتر، FB32 - فضي,"12,100 جنيه","12,700 جنيه",https://www.raneen.com/ar/hamburg-fb32-defrost-refrigerator-12-feet-2-doors-320-liter-silver-fb32slv-4
ثلاجة ايديال سوبر جامبو ديفروست، 11 قدم، باب واحد، تكنولوجيا C6، 922061015 - ابيض,"10,850 جنيه","12,270 جنيه",https://www.raneen.com/ar/11-c6-922061017
ثلاجة ديفروست سيلتال، 10 قدم، 1 باب، 290 لتر، FB29 - فضى,"10,197 جنيه","11,500 جنيه",https://www.raneen.com/ar/el1107640slv-1
ثلاجة سيلتال، ديفروست، 14 قدم 2 باب، SR350 - فضى,"13,399 جنيه","19,200 جنيه",https://www.raneen.com/ar/siltal-sr350-refrigerator-defrost-14-feet-2-door-silver-1
ثلاجة ديفروست سيلتال، 11 قدم، 2 باب، FB30 - فضى,"11,450 جنيه","13,500 جنيه",https://www.raneen.com/ar/el1107641slv-1
ثلاجة ديلوكس سيلتال، 12 قدم، 2 باب، ديفروست، SR320 - فضي,"12,850 جنيه
13,364 جنيه","13,364 جنيه",https://www.raneen.com/ar/siltal-sr320-deluxe-refrigerator-12-feet-2-doors-defrost-silver-1
ثلاجة ديفروست هامبورج، 14 قدم، 2 باب، 350 لتر، SR350 - فضي,"14,550 جنيه","15,774 جنيه",https://www.raneen.com/ar/el1119364slv-1
ثلاجة ديفروست يونيون اير جوستو، 2 باب، 350 لتر، ديجيتال تاتش، RD-350BB-DHGHUSTO - اسود,"13,150 جنيه","15,500 جنيه",https://www.raneen.com/ar/unionaire-rd-350bb-dhghusto-gusto-defrost-refrigerator-2-doors-350-liters-digital-touch-black-2
ثلاجة ديفروست كلاسيك كريازي، 2 باب، 350 لتر، KR350/2 - فضي داكن,"17,255 جنيه","21,000 جنيه",https://www.raneen.com/ar/kiriazi-kr350-2-defrost-refrigerator-2-doors-350-liter-dark-silver-1
ديب فريزر راسي يونيون اير، 205 لتر، 5 درج، نوفروست، ديجيتال، UFN-205LBLVA-DH - فضي,"16,670 جنيه","19,249 جنيه",https://www.raneen.com/ar/el1128911slv-conf
ديب فريزر ديفروست افقي يونيون اير، ديجيتال، 282 لتر، UC-320VV-02DS - فضي,"10,999 جنيه
11,974 جنيه","11,974 جنيه",https://www.raneen.com/ar/el1126649slv
ديب فريزر راسى نوفروست يونيون اير، 6 درج، 230 لتر، ديجيتال، UFN-230LBG1A-DH - اسود,"19,500 جنيه","29,999 جنيه",https://www.raneen.com/ar/el1100205blk-2
ديب فريزر رأسى سيلتال، 6 درج ، VF2029 - فضى,"11,550 جنيه","13,500 جنيه",https://www.raneen.com/ar/el1107637slv-conf
ديب فريزر رأسي نوفروست فريش، 5 ادراج، 130 لتر، FNU-L250S - فضي,"19,499 جنيه","20,249 جنيه",https://www.raneen.com/ar/el1120823slv-2
ديب فريزر رأسي دابليو ألاسكا، 220 لتر، 5 درج، UP270 - فضي,"12,685 جنيه","13,710 جنيه",https://www.raneen.com/ar/w-alaska-up270-deep-freezer-242-liter-5-drawers-silver
ديب فريزر أفقى فريش، 200 لتر FDF-270 - رمادي,"11,699 جنيه","12,898 جنيه",https://www.raneen.com/ar/fresh-fdf-270-chest-freezer-200-liters-greyel1101855slv-conf
ديب فريزر نوفروست راسي فريش، 130 لتر، 5 درج، بيد ميكانيزم، FNU-L250BC - اسود رمادي داكن,"19,499 جنيه","20,249 جنيه",https://www.raneen.com/ar/el1120824blk-2
ديب فريزر رأسي فريش، أنفرتر، 7 أدراج، FNU-MT301 IB- اسود,"24,999 جنيه","26,449 جنيه",https://www.raneen.com/ar/el1121965blk-2
ديب فريزر رأسي نوفروست دابليو الاسكا، 280 لتر، 6 درج، UP200NF - فضي,"18,799 جنيه","18,890 جنيه",https://www.raneen.com/ar/w-alaska-up200nf-upright-no-frost-freezer-160-liter-6-drawers-silver-1
ديب فريزر راسي نوفروست ديجيتال شارب، 300 لتر، 7 درج، FJ-EC27-BK - اسود,"33,837 جنيه","9,999,999,999 جنيه",https://www.raneen.com/ar/sharp-fj-ec27-bk-deep-freezer-inverter-no-frost-7-drawers-black40290095blk-conf
ديب فريزر راسي نوفروست توشيبا، 238 لتر، 7 درج ، GR-RU312WE-DMN(37) - رمادي داكن,,,https://www.raneen.com/ar/el1110864dgy-2
ديب فريزر رأسي نوفروست بيكو، 404 لتر، 8 ادراج، RFNE448E35XB - فضي,"38,238 جنيه","39,768 جنيه",https://www.raneen.com/ar/beko-rfne448e35xb-nofrost-upright-deep-freezer-404-liter-8-drawers-silver
باساب ديب فريزر راسى 6 درج نوفروست فضى ديجيتال (NVF280),"18,999 جنيه
19,649 جنيه","19,649 جنيه",https://www.raneen.com/ar/el1103494slv
ديب فريزر رأسي نوفروست بريميوم، 230 لتر، ديجيتال، 6 ادراج، PRM-230BGMN-C10 - رمادي داكن فضي,"19,500 جنيه","28,849 جنيه",https://www.raneen.com/ar/el1091539dgy-2
ديب فريزر عمودي عميق دابليو الاسكا، 190 لتر، UP190 - أبيض,"10,824 جنيه","12,040 جنيه",https://www.raneen.com/ar/w-alaska-up190-upright-deep-freezer-184-liter-white-1
ديب فريز راسي وايت بوينت نوفروست، 226 لتر، 6 درج، WPVF323S - فضى,"24,999 جنيه
27,049 جنيه","27,049 جنيه",https://www.raneen.com/ar/el1089559slv
ديب فريزر رأسي فريش، أنفرتر، 7 أدراج، FNU-MT301 IT - فضي,"25,367 جنيه","26,449 جنيه",https://www.raneen.com/ar/el1121966slv-2
ديب فريزر أفقي ديفروست الاسكا، 140 لتر، CH140- رمادي,"8,980 جنيه","9,435 جنيه",https://www.raneen.com/ar/alaska-ch140-defrost-horizontal-freezer-140-liter-grey-2
ديب فريزر ديفروست دابليو الاسكا، 135 لتر، CH140 - ابيض,"8,650 جنيه","11,500 جنيه",https://www.raneen.com/ar/w-alaska-ch140-de-frost-chest-freezer-135-liter-white0
بوتاجاز الاهرام، 4 شعلة، 50×50 سم - اسود فضي,"3,349 جنيه","4,489 جنيه",https://www.raneen.com/ar/al-ahram-cooker-4-burners-50-50-cm-el1109462slv-1
بوتاجاز فريش غاز روك ، 5 شعلة غاز، 90x85x60 سم ، 19721 - اسود فضي,"17,149 جنيه","17,149 جنيه",https://www.raneen.com/ar/el1124196slv
بوتاجاز الاهرام، ستانلس ستيل، 4 شعلة، شواية، 50×50 سم - فضى اسود,"3,749 جنيه
4,739 جنيه","4,739 جنيه",https://www.raneen.com/ar/el1109463slv
بوتاجاز الاهرام، سطح ستانلس ستيل، 5 شعلة، 80×60 سم - فضى اسود,"4,899 جنيه","6,044 جنيه",https://www.raneen.com/ar/al-ahram-steel-cooker-stainless-steel-surface-5-burners-80-60-cm-silver-black-2
بوتاجاز هامر فريش، 5 شعلة، 60×90 سم، تايمر تاتش فصل غاز، هيدروليك، مروحة فرن، مروحة تبريد، امان كامل، 13914 - اسود فضي,"19,999 جنيه","21,949 جنيه",https://www.raneen.com/ar/fresh-13914-gas-cooker-5-burners-60-90-cm-black-silverel1095139slv-conf
بوتاجاز تيست ماكس زانوسي، 5 شعلة غاز، ZCG92686XA - فضي,"25,999 جنيه","31,888 جنيه",https://www.raneen.com/ar/el1094889slv-1
بوتاجاز الاهرام، سطح ستانلس ستيل، 4 شعلة، 50×50 سم - فضى اسود,"3,150 جنيه","4,100 جنيه",https://www.raneen.com/ar/al-ahram-cooker-4-burners-50-50-cm-silver-black-4
بوتاجاز 5 شعلة غاز زانوسي، 60X90 سم، ZCG922A6XA - فضي,"13,999 جنيه","17,341 جنيه",https://www.raneen.com/ar/ho1065763bsc-1
بوتاجاز الاهرام، 5 شعلة، 80×60 سم - فضى اسود,"5,399 جنيه","7,044 جنيه",https://www.raneen.com/ar/al-ahram-cooker-5-burners-80-60-cm-silver-black-80-60
بوتاجاز غاز بيكو، 5 شعلة، 90X60 سم، GGR 15115 DX NBE - اسود,"22,999 جنيه","24,129 جنيه",https://www.raneen.com/ar/beko-ggr-15115-dx-nbe-freestanding-gas-cooker-5-burners-90x60-cm-black-el1106603wnb-conf
بوتاجاز بروفيشنال فريش، 5 شعلة،60×90 سم، مروحة، ستانلس، 5790 - اسود,"16,699 جنيه","18,599 جنيه",https://www.raneen.com/ar/fresh-professional-cooker-5-burners-60-90-cm-fan-stainless-5790-blackel1037582blk-conf
بوتاجاز الاهرام، ستانلس ستيل، 4 شعلة، 60×60 سم - فضى اسود,"4,250 جنيه","5,600 جنيه",https://www.raneen.com/ar/al-ahram-cooker-4-burners-60-60-cm-silver-black-1
بوتاجاز فريش فيرونا اير قراير، غاز، 5 شعلة، مروحة، شواية، ستانلس كامل، امان كامل، مزودة بصينية اير فراير، 60×90 سم، 500015383-فضى اسود,"14,499 جنيه","16,039 جنيه",https://www.raneen.com/ar/fresh-verona-airgrill-gas-cooker-5-burners-fan-grill-full-stainless-full-safety-60-90-cm-silver-black-el1099243slv-x-4
بوتاجاز فريش روك، 5 شعلة، 90×60 سم، 15560 - فضي,"14,999 جنيه","21,000 جنيه",https://www.raneen.com/ar/fresh-15560-cooker-5-burners-90-60-cm-silverel1102982wit-conf
بوتاجاز موديرنو فريش، 5 شعلات غاز، 80×55 سم، ستانلس كامل، امان كامل، مروحة، حامل ظهر، Moderno 7530 - فضي,"13,299 جنيه","15,149 جنيه",https://www.raneen.com/ar/moderno-fresh-cooker-5-gas-burners-80-x-55-cm-full-stainless-full-safety-fan-back-stand-moderno-7530-silverel1049788slv-conf
بوتوجاز غاز برستيج يونيون جاز، 5 شعلة، 60×85 سم - اسود,"5,299 جنيه","8,299 جنيه",https://www.raneen.com/ar/capitaltecheg228-2
بوتاجاز غاز مونستر يونيون اير، 5 شعلة، 60×90 سم، C69SS-P2C-511-IDSF-2W-MO-AL - فضي اسود,"12,299 جنيه","13,514 جنيه",https://www.raneen.com/ar/unionaire-monster-c69ss-p2c-511-idsf-2w-mo-al-gas-cooker-5-burners-60-90-cm-silver-black-1
بوتاجاز يونيون إير، 5 شعلة، 90×60 سم، C69SS-2SC-511-IDSFP-2W-AL - فضي,"13,290 جنيه","14,424 جنيه",https://www.raneen.com/ar/el1102475slv-1
بوتاجاز غاز يونيون اير، 5 شعلة، 90×60 سم، C69SS-GC-447-IFSO-2W-M14-AL - فضى,"12,399 جنيه","13,744 جنيه",https://www.raneen.com/ar/el1095832slv-2
سخان مياه كهربائي بشاشة ديجيتال تورنيدو، 55 لتر- أوف وايت,"6,129 جنيه","6,129 جنيه",https://www.raneen.com/ar/tornado-electric-water-heater-with-digital-screen-55-liter-off-whiteel1066727ofw-conf
سخان مياه ديجيتال تورنيدو، كهرباء، 45 لتر، EWH-S45CSE-F - اوف وايت,"5,799 جنيه","7,000 جنيه",https://www.raneen.com/ar/tornado-ewh-s45cse-f-electric-water-heater-with-digital-screen-45-liter-off-white-1
سخان مياه ديجيتال تورنيدو، كهرباء، سعة 35 لتر، EWH-S35CSE-F - اوف وايت,"5,600 جنيه","6,583 جنيه",https://www.raneen.com/ar/tornado-electric-water-heaters-with-digital-screen-35-liter-off-white-ewh-s35cse-f-1
سخان غاز بمدخنة اريون، 10 لتر، AR-10FX-Black - اسود,"5,449 جنيه
5,999 جنيه","5,999 جنيه",https://www.raneen.com/ar/arion-ar-10fx-black-gas-heater-with-chimney-10-liters-black
سخان مياه كهرباء تورنيدو، 30 لتر، إينامل، لمبة ليد، TEEE-30MW - ابيض,"2,950 جنيه","4,885 جنيه",https://www.raneen.com/ar/tornado-teee-30mw-electric-water-heater-30-liter-enamel-led-lamp-white-1
سخان مياه تورنيدو كهرباء إيناملد، 30 لتر ، ديجيتال ،TEEE-30DS - فضي,"3,250 جنيه","5,060 جنيه",https://www.raneen.com/ar/el1099572slv-1
سخان كهرباء تورنيدو ، 40 لتر، 1500 وات ، TEEE-40DW - ابيض,"3,300 جنيه","3,444 جنيه",https://www.raneen.com/ar/tornado-teee-40dw-electric-water-heater-40-liter-1500-watt-whiteel1097350wit-conf
سخان مياه كهربائي اولمبيك، 50 لتر ، ديجيتال، Hero Turbo - ابيض,"3,697 جنيه","4,700 جنيه",https://www.raneen.com/ar/olympic-hero-turbo-electric-water-heater-50-liters-digital-white-2
سخان مياه غاز تورنيدو، 6 لتر، شاشة ديجيتال، غاز طبيعي، GHM-C06CNE-W - ابيض,"3,968 جنيه","5,099 جنيه",https://www.raneen.com/ar/tornado-ghm-c06cne-w-gas-water-heater-6-liter-digital-display-natural-gas-white
سخان كهربائي يونيون اير، 50 لتر، EWH50-C100-V-P-R-3 - ابيض,"2,699 جنيه","3,499 جنيه",https://www.raneen.com/ar/unionaire-ewh50-c100-v-p-3-electric-water-heater-50-liter-white-1
سخان غاز بمدخنة زانوسى، 10 لتر، شاشة ديجيتال، ZYG10113WL - ابيض,"5,749 جنيه","5,999 جنيه",https://www.raneen.com/ar/el1102985wit-conf
سخان مياه غاز اوليمبيك الكتريك، 10 لتر، بمدخنة، شاشة ديجيتال، غاز مسال، 945105580 - ابيض,"4,799 جنيه","6,000 جنيه",https://www.raneen.com/ar/el1109456wit-2
سخان مياة غاز اوليمبيك هيرو فلو، 6 لتر، بدون مدخنة، HERO945105585 - ابيض رمادي,"3,930 جنيه","5,499 جنيه",https://www.raneen.com/ar/el1107449wit-2
سخان غاز بدون مدخنة زانوسي، 6 لتر، بشاشة رقمية، 945105592 - أبيض,"4,449 جنيه","4,800 جنيه",https://www.raneen.com/ar/el1107451wit-2
سخان كهرباء بشاشة LED زانوسي، 50 لتر، ZYE05031WN - أبيض,"3,875 جنيه","4,274 جنيه",https://www.raneen.com/ar/el1101598wit-2
سخان غاز زانوسي، 6 لتر، بشاشة ديجيتال، ZYG06313WL - ابيض,"4,170 جنيه","4,850 جنيه",https://www.raneen.com/ar/zanussi-zyg06313wl-gas-water-heater-6-liter-digital-screen-white945105515wit-conf
سخان كهرباء اوليمبيك، ديجيتال، 50 لتر، هيرو بلس - ابيض,"3,394 جنيه","3,764 جنيه",https://www.raneen.com/ar/el1095189wit-2
سخان كهربائي كاسيل، 40 لتر، WH1040 - رمادي,"3,399 جنيه","3,859 جنيه",https://www.raneen.com/ar/el1109017slv-2
سخان غاز زانوسي، 6 لتر، بشاشة ديجيتال، ZYG06313SL - فضي,"4,432 جنيه","4,432 جنيه",https://www.raneen.com/ar/zanussi-zyg06313sl-gas-water-heater-6-liter-digital-screen-silver-1
سخان كهربائي كاسيل، 1500 وات، 50 لتر، WH1050 - فضي,"3,105 جنيه","4,099 جنيه",https://www.raneen.com/ar/el1109021slv-2
غسالة أطباق بوش، سعة 13 فرد، 6 برامج، 60 سم، SMS46NB01V - اسود,"41,999 جنيه","41,999 جنيه",https://www.raneen.com/ar/el1108865blk-4
غسالة اطباق ديجيتال ميديا، 13 فرد، 6 برامج، WQP13-5201C-S - فضي,"15,999 جنيه","26,699 جنيه",https://www.raneen.com/ar/el1105552slv-2
غسالة اطباق توشيبا، 13 فرد، 6 برامج، شاشة ديجيتال، DW-13F8AF(SS)-EG - فضى,"19,999 جنيه","27,049 جنيه",https://www.raneen.com/ar/el1114567slv-1
غسالة اطباق ديجيتال ميديا، 14 فرد، سمارت واي فاي، MDWEF1433D(B)-WI-EG - اسود,"21,999 جنيه","22,049 جنيه",https://www.raneen.com/ar/el1126745blk-2
غسالة أطباق بيكو، 45 سم، 10 أفراد، شاشة ليد، DVS05020S - فضي,"18,037 جنيه","21,999 جنيه",https://www.raneen.com/ar/el1098394slv-1
غسالة أطباق شارب، 10 أفراد، 45 سم، شاشة رقمية، 6 برامج، QW-V610-BK - اسود,"21,299 جنيه
21,949 جنيه","21,949 جنيه",https://www.raneen.com/ar/el1128924blk
غساله اطباق شارب، 10 افراد ، 6 برنامج، QW-V610-SS - فضي,"19,999 جنيه
21,449 جنيه","21,449 جنيه",https://www.raneen.com/ar/el1129012slv
غساله اطباق 13 افراد فريش، 60 سم، 6 برنامج، A15-60IX-500013747 - فضي,"15,365 جنيه","27,999 جنيه",https://www.raneen.com/ar/fresh-a15-60ix-dish-washer-60-cm-6-programs-silver500013747slv-conf
غسالة اطباق شارب، 15 فرد، 60 سم، انفرتر، شاشة ديجيتال، 10 برامج، QW-V1015A-BK - اسود,"35,605 جنيه
36,605 جنيه","36,605 جنيه",https://www.raneen.com/ar/el1128926blk
غسالة أطباق شارب، 14 أفراد، 60 سم، شاشة رقمية، 10 برامج،QW-V1014A-BK - اسود,"37,049 جنيه
38,049 جنيه","38,049 جنيه",https://www.raneen.com/ar/el1128923blk
غسالة أطباق فريش ، 60 سم ، 12 افراد ، 6 برامج ، 500013747 - فضي,"15,590 جنيه","15,590 جنيه",https://www.raneen.com/ar/fresh-500013747-dishwasher-60-cm-12-persons-6-programs-silver
غسالة اطباق وايت بوينت، 10 افراد، 5 برامج، WPD105DS - فضي,"14,699 جنيه","22,599 جنيه",https://www.raneen.com/ar/white-point-wpd105ds-dishwashers-10-persons-5-programs-silver-1
غساله اطباق وايت بوينت ، 10 افراد ، 5 برامج ديجيتال ،WPD105DB- رمادي,"14,999 جنيه","20,843 جنيه",https://www.raneen.com/ar/el1122528blk-2
غسالة أطباق بوش، 13 فرد، 6 برامج، 60 سم، ديجيتال، SMS4EMI60V - فضي,"41,999 جنيه","47,000 جنيه",https://www.raneen.com/ar/el1108866slv-2
غسالة اطباق بيكو، 13 فرد، 5 برامج، 60 سم، DVN05325X - فضي,"19,136 جنيه","21,574 جنيه",https://www.raneen.com/ar/el1122633dsl-2
غسالة اطباق ديجيتال انفرتر بيكو، 15 فرد، 6 برامج، 60 سم، شاشة ليد، (BDFN36531GB) 8690842541520 - اسود,"40,443 جنيه","46,999 جنيه",https://www.raneen.com/ar/el1099590blk-2
غسالة اطباق ديجيتال ميديا، 14 فرد، 9 برنامج، MDWEF1433D(SS) - فضي,"21,049 جنيه","22,049 جنيه",https://www.raneen.com/ar/el1120164slv-2
غسالة أطباق بيكو، 60 سم، 14 فرد، 5 برنامج، BDFN15420S - فضي,"24,500 جنيه","28,916 جنيه",https://www.raneen.com/ar/el1097221slv-3
غسالة اطباق بوش، 12 فرد، 60 سم، SMS25AB00V - اسود,"24,990 جنيه","26,543 جنيه",https://www.raneen.com/ar/12-60-sms25ab00g-3
غسالة ملابس شارب، فل اوتوماتيك، 7 كيلو، 1000 لفة، ES-FP710CXE-S - فضى,"22,999 جنيه","29,500 جنيه",https://www.raneen.com/ar/sharp-es-fp710cxe-s-washing-machine-full-automatic-7-kg-silver-1
غسالة ملابس شارب، فل اوتوماتيك 8 كيلو، 1400 لفة، ES-FP814CXE-S - فضى,"25,999 جنيه","28,999 جنيه",https://www.raneen.com/ar/sharp-es-fp814cxe-s-washing-machine-full-automatic-8-kg-silver-1
غسالة ملابس فل اوتوماتيك شارب، 7 كيلو،1000 لفة، ES-FP710CXE-B - اسود,"23,100 جنيه","28,999 جنيه",https://www.raneen.com/ar/eshr11820blk-1
غسالة ملابس فل اوتوماتيك تورنيدو، 8 كيلو، 1200 لفة، TWV-FN812SLOA - فضى,"19,499 جنيه","22,314 جنيه",https://www.raneen.com/ar/el1077587slv-1
غسالة ملابس ال جي، تحميل امامي، تقنية Direct Drive، كجم 9، شاشة ديجيتال، F4R3VYG6P.APTPEEC - فضي,"25,555 جنيه","35,723 جنيه",https://www.raneen.com/ar/el1101256bns-1
غسالة فول اتوماتيك وايت بوينت، تحميل امامى، 7 كيلو، انفرتر، 1000 لفة/ دقيقة، باب كروم، WPW71015DSWB - اسود,"17,926 جنيه","25,999 جنيه",https://www.raneen.com/ar/el1110339blk-2
غسالة ملابس انفرتر ال جي، تحميل علوي، 13 كجم، T1388NEHGB.ABMPEEC - اسود,"18,139 جنيه","20,999 جنيه",https://www.raneen.com/ar/lg-t1388nehgb-abmpeec-inverter-washing-machine-top-load-13-kg-black-2
غسالة فول اتوماتيك وايت بوينت، تحميل امامى، 7 كيلو، انفرتر، 1000 لفة/ دقيقة، باب كروم، WPW71015DSWB - اسود,"16,799 جنيه","18,049 جنيه",https://www.raneen.com/ar/el1117858blk-2
غسالة ملابس فوق اوتوماتيك فريش، 13 كيلو، 500018892 FTM-13GB - ذهبي اسود,"14,999 جنيه","17,149 جنيه",https://www.raneen.com/ar/el1119384gld-2
غسالة ملابس فوق اوتوماتيك فريش، 14 كيلو، 500018258 FTM-P14S - رمادي,"15,499 جنيه","17,649 جنيه",https://www.raneen.com/ar/el1119385slv-2
غسالة ملابس فريش، تحميل علوى، 8 كجم، 50013520 - فضي,"8,999 جنيه","11,500 جنيه",https://www.raneen.com/ar/fresh-50013520-top-loading-washing-machine-8-kg-silveramftm-0812s-conf
غسالة ملابس فول اوتوماتيك هايسنس، تحميل امامى، 12 كجم، 1400 دورة في الدقيقة، WD5S1245BB - اسود,"41,999 جنيه","47,099 جنيه",https://www.raneen.com/ar/catalog/product/view/id/651656/s/el1120414blk-2/category/9/
غسالة فول اوتوماتيك فريش، 10كجم، 17757 W10DD1458G2-OB - كحلي,"25,999 جنيه","34,999 جنيه",https://www.raneen.com/ar/el1120888blu-2
غسالة فول اوتوماتيك فريش، 10كجم، 17754 W10DD1458G2-DS - رمادي اسود,"25,999 جنيه","30,049 جنيه",https://www.raneen.com/ar/el1120890slv-2
غسالة فوق اوتوماتيك ومجفف فريش جراند ، 12 كجم ، FWT12000NA - ابيض,"6,465 جنيه","7,200 جنيه",https://www.raneen.com/ar/fresh-fwt12000na-grand-automatic-washer-and-dryer-12-kg-white-1
غسالة فول اتوماتيك كاندي، 14 كجم، تحميل امامى، موتور انفرتر، ROW41496DCBT-EGY - اسود,"47,999 جنيه
49,899 جنيه","49,899 جنيه",https://www.raneen.com/ar/el1124369blk
غسالة ملابس اوتوماتيك كاندي، تحميل امامي، 14 كيلو جرام، 1400 لفة، 13 برنامج، RO14146DCBT-EGY - اسود,"38,999 جنيه
40,899 جنيه","40,899 جنيه",https://www.raneen.com/ar/el1125226blk
غسالة ملابس اوتوماتيك كاندي، تحميل امامي، 14 كيلو جرام، 1400 لفة، 13 برنامج، RO14146DCRT-EGY - رمادي,"37,999 جنيه
40,099 جنيه","40,099 جنيه",https://www.raneen.com/ar/el1125227slv
غسالة ملابس تحميل امامي وايت بوينت، 6 كجم، ديجيتال، WPW61015PDS - فضى,"11,999 جنيه","23,300 جنيه",https://www.raneen.com/ar/white-point-wpw61015pds-front-loading-washing-machine-6-kg-silver-2
غسالة توشيبا ، فوق اوتوماتيك ، 8 كيلو جرام ، AW-M801APEG(SG) - فضي,"8,999 جنيه","11,400 جنيه",https://www.raneen.com/ar/el1124165slv-2
ترابيزة تلفاز خشب شيب بورد، 140×40×30 - ابيض,"999 جنيه
1,900 جنيه","1,900 جنيه",https://www.raneen.com/ar/mztvtable6wit-craftfurniture
ترابيزة تلفاز خشب ام دي اف، 50x150x30 سم - أبيض بني,"1,899 جنيه
3,500 جنيه","3,500 جنيه",https://www.raneen.com/ar/mdf-wood-tv-table-50x150x30-cm-white-brown
ترابيزة تلفاز خشب ام دي اف ، 160x45x30 سم - اسود بيج,"2,299 جنيه
4,500 جنيه","4,500 جنيه",https://www.raneen.com/ar/mdf-tv-table-160x45x30-cm-black-beige
ترابيزة تلفيزيون خشب ام دي اف، 160×32×47 سم، 2 دلفه جانبية، ارجل معدن - بني ابيض,"3,845 جنيه","3,845 جنيه",https://www.raneen.com/ar/ho1117048bnw
ترابيزة تلفزيون خشب ام دي اف، 60x120x30 سم - ابيض بني,"1,199 جنيه
1,713 جنيه","1,713 جنيه",https://www.raneen.com/ar/mp1019
ترابيزة تليفزيون خشب ام دي اف، 160x47x30 سم - ابيض بيج,"2,299 جنيه
4,500 جنيه","4,500 جنيه",https://www.raneen.com/ar/mfe22wooden
ترابيزة تلفاز مع ترابيزة وسط، خشب ام دي اف - بني ابيض,"8,199 جنيه
11,713 جنيه","11,713 جنيه",https://www.raneen.com/ar/mhmpat16ih
ترابيزة تلفيزيون خشب ام دي اف، 120×30×47 سم، 1 دلفه، ارجل معدن - بني ابيض,"2,570 جنيه","2,570 جنيه",https://www.raneen.com/ar/ho1117047bnw
ترابيزة تلفزيون خشب ام دى اف، 120×50×30 سم - ابيض بنى,"1,399 جنيه
2,900 جنيه","2,900 جنيه",https://www.raneen.com/ar/171717wnb
ترابيزة تلفاز خشب شيب بورد، 50x120x30 سم - ابيض,"1,579 جنيه
2,256 جنيه","2,256 جنيه",https://www.raneen.com/ar/vc-tv-5-craft-fur
ترابيزة تلفاز خشب ام دي اف ، 160x45x30 سم - ابيض,"2,899 جنيه
4,141 جنيه","4,141 جنيه",https://www.raneen.com/ar/mdf-tv-table-160x45x30-cm-white
ترابيزة تلفاز خشب ام دي اف، 160×35 ×53 سم - بنى,"3,182 جنيه
3,800 جنيه","3,800 جنيه",https://www.raneen.com/ar/wm101-2
ترابيزة تلفاز خشب ام دي اف، 100×20×20 سم - اسود,"469 جنيه
670 جنيه",670 جنيه,https://www.raneen.com/ar/mdf-tv-table-100x20x20-cm-black
ترابيزة تليفزيون خشب أم دي اف ، 160x50x30 سم - ابيض بيج,"2,599 جنيه
2,699 جنيه","2,699 جنيه",https://www.raneen.com/ar/mdf-wood-tv-table-160-30-50-cm-white-beige-ymtvt1dr1602
ترابيزة تلفاز خشب ام دي اف ، 90x40x30 سم - بني,"1,409 جنيه
2,013 جنيه","2,013 جنيه",https://www.raneen.com/ar/mdf-tv-table-90x40x30-cm-brown
ترابيزة تلفزيون مودرن خشب ام دي اف، 120×48×32 سم - ابيض,"2,088 جنيه
2,983 جنيه","2,983 جنيه",https://www.raneen.com/ar/woodf268
وحدة تلفزيون خشب شيب بورد، 120×45×30 سم - ابيض,"1,209 جنيه
1,727 جنيه","1,727 جنيه",https://www.raneen.com/ar/127wooden
ترابيزة تلفاز خشب أم دي أف، 180×30×45 سم - ابيض بيج,"3,299 جنيه
4,513 جنيه","4,513 جنيه",https://www.raneen.com/ar/mdf-wood-tv-table-180-30-45-cm-beige-white-cattv1036-2
ترابيزة تلفاز ام دى اف، 45×30×140 سم - أسود خشبي,"2,400 جنيه
2,960 جنيه","2,960 جنيه",https://www.raneen.com/ar/tu-061-furvive
ترابيزة تليفزيون خشب أم دي اف ، 180x50x30 سم - اسود بيج,"3,899 جنيه
6,000 جنيه","6,000 جنيه",https://www.raneen.com/ar/mdf-wood-tv-table-180-30-50-cm-black-beige-ymtvt2dr1802
كنبة بمقعدين خشب زان، 170×70×80 سم - أوف وايت,"5,999 جنيه
9,500 جنيه","9,500 جنيه",https://www.raneen.com/ar/mfsofa12wht-comfy
كنبة بثلاثة مقاعد خشب زان، 200x80 سم - بني,"6,999 جنيه
18,598 جنيه","18,598 جنيه",https://www.raneen.com/ar/mfsofa9brown-comfy
كنبة سرير خشب زان، 93×220×60 سم - بنى,"6,200 جنيه
7,000 جنيه","7,000 جنيه",https://www.raneen.com/ar/catalog/product/view/id/382942/s/beech-wood-sofa-bed-93-220-60-cm-brown-ymbig23brn-1/category/8011/
كنبة سرير خشب زان، 93×190×60 سم - رمادي داكن,"4,999 جنيه
6,000 جنيه","6,000 جنيه",https://www.raneen.com/ar/ymbig35sgr-1
كنبة سرير خشب زان، تنجيد قطيفة، 190×60 سم - رمادى,"8,999 جنيه
10,000 جنيه","10,000 جنيه",https://www.raneen.com/ar/bigeg19060gry-1
كنبة سرير خشب زان، 93×190×60 سم - بيج بنى,"4,999 جنيه
6,000 جنيه","6,000 جنيه",https://www.raneen.com/ar/catalog/product/view/id/382972/s/beech-wood-sofa-bed-93-190-60-cm-beige-ymbig33beg-1/category/8011/
كنبة سرير خشب زان، 93×200×60 سم - بينك,"5,600 جنيه
6,000 جنيه","6,000 جنيه",https://www.raneen.com/ar/catalog/product/view/id/382882/s/beech-wood-sofa-bed-93-200-60-cm-pink-ymbig02pnk-1/category/8011/
كنبة 2 مقعد، خشب زان تنجيد قطيفة، 200×85×80 سم - بيج,"10,490 جنيه
14,950 جنيه","14,950 جنيه",https://www.raneen.com/ar/2-seat-sofa-beech-wood-with-velvet-upholstery-200-85-80-cm-beige
كنبة سرير خشب زان، 93×200×60 سم - اصفر ازرق,"5,600 جنيه
6,000 جنيه","6,000 جنيه",https://www.raneen.com/ar/catalog/product/view/id/382879/s/beech-wood-sofa-bed-93-200-60-cm-yellow-blue-ymbig01ylb-1/category/8011/
كنبة بمقعدين خشب زان، قمش جلد مقلوب، 200×75×75 سم - بيج,"15,000 جنيه
18,750 جنيه","18,750 جنيه",https://www.raneen.com/ar/fhfuture2bge
كنبة سرير خشب زان، 93×190×60 سم - ازرق,"4,999 جنيه
6,000 جنيه","6,000 جنيه",https://www.raneen.com/ar/catalog/product/view/id/382966/s/beech-wood-sofa-bed-93-190-60-cm-blue-ymbig31blu-1/category/8011/
كنبة سرير خشب زان، 93×190×60 سم - رمادي داكن,"4,999 جنيه
6,000 جنيه","6,000 جنيه",https://www.raneen.com/ar/beech-wood-sofa-bed-93-190-60-cm-dark-grey-1
كنبة سرير خشب زان، 93×200×60 سم - احمر,"5,600 جنيه
6,000 جنيه","6,000 جنيه",https://www.raneen.com/ar/catalog/product/view/id/382888/s/beech-wood-sofa-bed-93-200-60-cm-red-ymbig04red-1/category/8011/
كنبة سرير خشب موسكي قماش قطيفة، 2×1، 3 مقعد، 220×80×90 سم - كشمير,"6,999 جنيه
10,550 جنيه","10,550 جنيه",https://www.raneen.com/ar/ho1113235ksh
كنبة ثلاث مقاعد خشب زان، قماش قطيفة، 80×200×80 سم - رمادي,"11,277 جنيه
16,110 جنيه","16,110 جنيه",https://www.raneen.com/ar/sg20
كنبة خشب زان، قماش قطيفة، 75×165×70 سم - ازرق,"8,069 جنيه
11,527 جنيه","11,527 جنيه",https://www.raneen.com/ar/sfu65
كنبة بمقعدين، خشب زان ، 140×85×60 سم - رمادي,"12,000 جنيه
15,000 جنيه","15,000 جنيه",https://www.raneen.com/ar/2-seats-sofa-beech-wood-120-60-85-grey-foh111213gry
كنبة خشب زان، قماش كتان، 1 قطعة، 75×200×80 سم - بيج,"15,000 جنيه
18,750 جنيه","18,750 جنيه",https://www.raneen.com/ar/amel2003
كنبة سرير خشب زان، 93×190×60 سم - احمر,"4,999 جنيه
6,000 جنيه","6,000 جنيه",https://www.raneen.com/ar/beech-wood-sofa-bed-93-190-60-cm-red-ymbig37red-1
كنبة بثلاثة مقاعد، خشب زان، تنجيد كتان ، 210×90×80 سم - بيج,"12,500 جنيه
17,857 جنيه","17,857 جنيه",https://www.raneen.com/ar/beech-wood-3-seats-sofa-linen-lined-210-80-90-cm-beigeus85beg
دولاب ملابس باب منزلق خشب ام دي اف، 120×60×200 سم - ابيض رمادي,"6,866 جنيه
15,199 جنيه","15,199 جنيه",https://www.raneen.com/ar/c003wng
دولاب دريسينج 3 دلفة جرار خشب ام دي اف، 240×60×240 سم، زجاج، 3 دلفة، 3 درج داخلى، اضاءة ليد - بنى,"47,645 جنيه
56,050 جنيه","56,050 جنيه",https://www.raneen.com/ar/ho1129137beg
دولاب خشب ام دي اف، 2 باب، 200x160x60 سم - اسود بني,"10,999 جنيه
27,999 جنيه","27,999 جنيه",https://www.raneen.com/ar/wardrobe1122
دولاب خشب ام دي اف، 4 باب، 210x160x45 سم - ابيض,"11,199 جنيه
15,999 جنيه","15,999 جنيه",https://www.raneen.com/ar/mdf-wood-wardrobe-4-door-210x160x45-cm-white
دولاب مودرن خشب شيب بورد، 200x120x60 سم - ابيض,"6,139 جنيه
8,770 جنيه","8,770 جنيه",https://www.raneen.com/ar/vc-wd-1-craft-fur
دولاب ملابس خشب ام دي اف ، 160x210x60 سم - ابيض,"14,666 جنيه
20,951 جنيه","20,951 جنيه",https://www.raneen.com/ar/mdf-wardrobe-160x210x60-cm-white
دولاب خشب ام دي اف، ٣ ضلفة، 240×240×60 سم - ابيض,"20,399 جنيه
29,141 جنيه","29,141 جنيه",https://www.raneen.com/ar/mdf-wooden-wardrobe-3-doors-240-x-240-x-70-cm-white
دولاب خشب ام دي اف، ٥ ارفف، 200×80×42 سم - ابيض,"6,350 جنيه
8,000 جنيه","8,000 جنيه",https://www.raneen.com/ar/mdf-wood-wardrobe-5-shelves-200-x-80-x-42-cm-white
دولاب مودرن خشب ام دي اف، 200x80x50 سم - ابيض,"6,739 جنيه
9,627 جنيه","9,627 جنيه",https://www.raneen.com/ar/205-craftfurniture
دولاب ملابس باب منزلق خشب ام دي اف، 140×50×200 سم - اسود,"15,016 جنيه
19,501 جنيه","19,501 جنيه",https://www.raneen.com/ar/mzwar013blk
دولاب ملابس باب منزلق خشب ام دي اف، 120×60×200 سم - ابيض,"9,100 جنيه
12,000 جنيه","12,000 جنيه",https://www.raneen.com/ar/c002wit
دولاب ملابس مفتوح خشب ام دي اف، 200×50×240 سم - خشبي,"16,500 جنيه
35,714 جنيه","35,714 جنيه",https://www.raneen.com/ar/mdf-open-wardrobe-240-200-50-cm-white-1
دولاب دريسنج خشب ام دي اف، 220x240x50 سم - اسود,"19,999 جنيه
28,570 جنيه","28,570 جنيه",https://www.raneen.com/ar/2026-craftfurniture
دولاب مودرن خشب ام دي اف، 180x50x200 سم - ابيض,"18,667 جنيه
26,667 جنيه","26,667 جنيه",https://www.raneen.com/ar/top3-topwood
دولاب ملابس مفتوح، شيب بورد، 300×200×50 سم - ابيض,"17,499 جنيه
21,874 جنيه","21,874 جنيه",https://www.raneen.com/ar/mdf-wood-open-wardrobe-300-200-50-cm-white
دولاب خشب ام دي اف، 210×180×45 سم - ابيض,"17,199 جنيه
26,399 جنيه","26,399 جنيه",https://www.raneen.com/ar/mdf-wood-wardrobe-210-180-45-cm-white
دولاب ملابس بوحدة ادراج خشب، 80×50×190 سم - ابيض,"8,150 جنيه
12,434 جنيه","12,434 جنيه",https://www.raneen.com/ar/wardrobe-80-50-190-cm-white-1
دولاب ملابس باب منزلق خشب ام دي اف، 100×50×183 سم - ابيض بني,"12,500 جنيه
22,321 جنيه","22,321 جنيه",https://www.raneen.com/ar/wardrobe-2-storage-units-mdf-wood-183-100-50-cm-white-brown-1
دولاب ملابس بوحدة ادراج خشب ام دي اف اسباني، 160×45×210 سم - ابيض,"13,689 جنيه
19,556 جنيه","19,556 جنيه",https://www.raneen.com/ar/spanish-mdf-wood-wardrobe-210-160-45-cm-white-1
دولاب ملابس باب منزلق خشب ام دي اف، 140×60×200 سم - بيج,"15,016 جنيه
19,501 جنيه","19,501 جنيه",https://www.raneen.com/ar/mdf-wooden-wardrobe-200-140-200-60-2-rolls-beige-mzwar019big
لوحة فنية للرمال المتحركة، ثلاثية الابعاد، 7 بوصة - اسود اخضر,399 جنيه,599 جنيه,https://www.raneen.com/ar/quicksand-art-painting-3d-7-inch-black-green-2
ساعة حائط بلاستيك، 56 سم,149 جنيه,220 جنيه,https://www.raneen.com/ar/plastic-wall-watch-56-cm
ساعة حائط بلاستيك، 55 سم,149 جنيه,220 جنيه,https://www.raneen.com/ar/ho1090659conf
بوكية ورد بلاستيك كبير سيتي ستارز، قطعتين,100 جنيه,145 جنيه,https://www.raneen.com/ar/ho1102623mv1-1
برواز خشب أيات قرأنية، 20×26 سم,50 جنيه,64 جنيه,https://www.raneen.com/ar/ho1103674bs2-1
برواز خشب أيات قرأنية، 22×17 سم,41 جنيه,41 جنيه,https://www.raneen.com/ar/ho1103675bs6-1
طقم شمع صغير، برائحة الليمون، 10 قطع - اصفر,66 جنيه,66 جنيه,https://www.raneen.com/ar/small-candle-set-lemon-scent-10-pieces-yellow-b091dgnqwhylw
طفاية سجائر ستانلس ستيل، S-22 - فضي,199 جنيه,199 جنيه,https://www.raneen.com/ar/s-22-stainless-steel-ashtray-silver
ديكور مكتب، علي شكل قلب، مع كرة كريستال - ذهبي,449 جنيه,449 جنيه,https://www.raneen.com/ar/desk-decor-heart-shaped-with-a-crystal-ball-gold
مصباح ديكور، علي شكل قمر، ثلاثي الابعاد، يعمل باللمس، 3 اللوان، 14.2 سم - بيج,540 جنيه,540 جنيه,https://www.raneen.com/ar/decorative-lamp-moon-shape-3d-touch-3-colors-14-2-cm-beige
لوحة فنية للرمال المتحركة، ثلاثية الابعاد، 5 بوصة - شفاف احمر,"399 جنيه
599 جنيه",599 جنيه,https://www.raneen.com/ar/quicksand-art-painting-3d-5-inch-clear-red
لوحة فنية للرمال المتحركة، ثلاثية الابعاد، 5 بوصة - شفاف ازرق,"399 جنيه
599 جنيه",599 جنيه,https://www.raneen.com/ar/quicksand-art-painting-3d-5-inch-clear-blue
جهاز تنقية الهواء، علي شكل كوكب، مع اضاءة ال اي دي، 200 مل - اصفر,599 جنيه,599 جنيه,https://www.raneen.com/ar/air-purifier-planet-shaped-with-led-lighting-200-ml-yellow
فازة ديكور زجاج برميولى، 23 سم - شفاف,"700 جنيه
800 جنيه",800 جنيه,https://www.raneen.com/ar/bormioli-glass-decore-vase-23-cm-clear
دلاية خشبية اشكال اسلامية بحلقات معدن، 6 قطع، 33 سم - ذهبي,49 جنيه,49 جنيه,https://www.raneen.com/ar/ho1101394gl2
كأس زجاج جلاس كوبر بقاعدة نحاسي، 17×60 سم - ذهبي نحاسي,"999 جنيه
1,215 جنيه","1,215 جنيه",https://www.raneen.com/ar/ho1107893gld
كأس زجاج جلاس كوبر بقاعدة نحاسي، 17× 60 سم - شفاف ذهبى,"999 جنيه
1,275 جنيه","1,275 جنيه",https://www.raneen.com/ar/ho1107894gld
طقم هدايا زجاج بوهيميا، 4 قطع - شفاف,"4,199 جنيه
5,150 جنيه","5,150 جنيه",https://www.raneen.com/ar/ho1108233clr
شيالة مربعة بيد مستديرة ، 3 دور - شفاف فضى,"999 جنيه
1,309 جنيه","1,309 جنيه",https://www.raneen.com/ar/ho1069906clr
طقم هدايا زجاج بوهيميا، 4 قطع - شفاف,"3,999 جنيه
4,870 جنيه","4,870 جنيه",https://www.raneen.com/ar/ho1108232clr
جزامة خشب، شيب بورد، 60×87×31 سم - بنى,"999 جنيه
2,667 جنيه","2,667 جنيه",https://www.raneen.com/ar/rate-sh-1
جزامة خشب شيب بورد، 3 رف، 2 درفة، 60×31×87 سم,899 جنيه,"1,495 جنيه",https://www.raneen.com/ar/ho1119887bnb-2
جزامة خشبية ام دي اف، 90x120x35 سم - بني ابيض,"2,999 جنيه
7,998 جنيه","7,998 جنيه",https://www.raneen.com/ar/mp1011
جزامة خشب ام دي اف العلا جروب، 3 درج قلاب، 60×24×100 سم,"2,199 جنيه","3,250 جنيه",https://www.raneen.com/ar/ho1111311wnb-1
جزامة مودرن شيب بورد، 80×30×90 سم - ابيض,"1,799 جنيه
2,570 جنيه","2,570 جنيه",https://www.raneen.com/ar/craftfurniture-shoe-racks
جزامة خشب ام دي اف العلا جروب، 3 درج قلاب، 80×24×100 سم - ابيض بيج,"2,399 جنيه","3,675 جنيه",https://www.raneen.com/ar/ho1111310wnb-1
جزامة خشب شيب بورد، 90×32×60 سم - ابيض اسود,"1,799 جنيه
2,570 جنيه","2,570 جنيه",https://www.raneen.com/ar/ymwfs102bnw
جزامة خشب ام دي اف، 80×32×97 سم، 3 ارفف، 2 دلفة,"2,199 جنيه","3,200 جنيه",https://www.raneen.com/ar/ho1101740bk1-1
جزامة مودرن خشب ام دي اف، ارجل معدن، 100×35×80 سم - بني,"2,699 جنيه
4,899 جنيه","4,899 جنيه",https://www.raneen.com/ar/cfshoerack22brn
منظم أحذية خشب ام دي اف، 150x40x100 سم - رمادى خشبي,"7,699 جنيه
10,998 جنيه","10,998 جنيه",https://www.raneen.com/ar/top50-topwood
جزامة خشب ام دي اف اسبانى، ، 80×110×30 سم، ثلاث ادراج قلاب- بنى,"6,085 جنيه","6,085 جنيه",https://www.raneen.com/ar/ho1099515dbr
جزامة مودرن، 83×30×90 سم - ابيض,"2,679 جنيه
3,826 جنيه","3,826 جنيه",https://www.raneen.com/ar/amw112witwood
جزامة خشب شيب بورد، 3 ارفف، 2 دلفة، ارجل بلاستيك، 80×32×97 سم - بيج,"1,299 جنيه
2,145 جنيه","2,145 جنيه",https://www.raneen.com/ar/ho1122591bg1
جزامة خشب ام دي اف ، 100x90x40 سم - ابيض بيج,"4,849 جنيه
6,927 جنيه","6,927 جنيه",https://www.raneen.com/ar/mdf-shoerack-100x90x40-cm-white-beige
جزامة خشب شيبورد، 60×89×32 سم، 3 ارفف، 2 دلفة - بيج,"899 جنيه
1,495 جنيه","1,495 جنيه",https://www.raneen.com/ar/ho1117857bg1
جزامة خشب أم دي أف، 120×100×40 - بني,"4,919 جنيه
7,027 جنيه","7,027 جنيه",https://www.raneen.com/ar/hall-shoe-racks-mdf-wood-120-100-40-brown-mzshrack1brw-1
جزامة خشب ام دي اف، ارجل معدن، 80×34×102 سم - بني ابيض,"3,590 جنيه","3,590 جنيه",https://www.raneen.com/ar/ho1117046bnw
جزامة خشب كونتر، 150×110×38 سم - بيج أبيض,"8,750 جنيه
13,000 جنيه","13,000 جنيه",https://www.raneen.com/ar/counter-wood-shoe-rack-150-110-38-cm-white-beige
جزامة خشب ام دي اف، 80×115×28 سم، 3 درج - بني ابيض,"3,399 جنيه
5,035 جنيه","5,035 جنيه",https://www.raneen.com/ar/ho1116746bnw
جزامة ام دى اف، 47×95×40 سم - أسود,"2,740 جنيه
3,914 جنيه","3,914 جنيه",https://www.raneen.com/ar/sr-005-furvive
لمبادير مودرن خشب موسكي، 1 لمبة، 40×165×40 سم - بيج اوف وايت,"1,190 جنيه
2,598 جنيه","2,598 جنيه",https://www.raneen.com/ar/1-40-165-40-q
نجفة سقف، 3 لمبات، 50×30 سم - ذهبي,"500 جنيه
1,000 جنيه","1,000 جنيه",https://www.raneen.com/ar/c220gld
أبليك حائطي، 1 لمبة، 35×15 سم - ذهبي,"450 جنيه
810 جنيه",810 جنيه,https://www.raneen.com/ar/c290gld
نجفة سقف، 50×45 سم، 6 لمبة - ذهبي,"1,750 جنيه
2,429 جنيه","2,429 جنيه",https://www.raneen.com/ar/c449gold
ابليك مودرن، 2 لمبة، 35×18 سم - فضى,"1,150 جنيه
1,350 جنيه","1,350 جنيه",https://www.raneen.com/ar/amc540slv
نجفة سقف،25x65 سم - اسود,"899 جنيه
1,100 جنيه","1,100 جنيه",https://www.raneen.com/ar/mfmfylr39lightmc
نجفة سقف،70x23 سم - اسود ذهبي,"899 جنيه
999 جنيه",999 جنيه,https://www.raneen.com/ar/ceiling-chandelier-23x70-cm-off-white
نجفة سقف مودرن ستيل، 3 لمبات، 80x40 سم - اسود,"808 جنيه
1,200 جنيه","1,200 جنيه",https://www.raneen.com/ar/mf556395blk
نجفة سقف، 6 لمبات، 30×65 سم - اسود,"700 جنيه
850 جنيه",850 جنيه,https://www.raneen.com/ar/c142blk
نجفة سقف، 6 لمبات، 30×45 سم - ابيض,"1,600 جنيه
2,200 جنيه","2,200 جنيه",https://www.raneen.com/ar/c132wit
نجف مودرن معدن ، 70×30 سم، 3 لمبة - ذهبى,"679 جنيه
970 جنيه",970 جنيه,https://www.raneen.com/ar/rl-sc-010gld
نجفة سقف، 6 لمبة، 25×70 سم - ذهبى,"1,350 جنيه
2,143 جنيه","2,143 جنيه",https://www.raneen.com/ar/ceiling-chandelier-6-lamps-25-70-cm-gold-amc555gld
نجفة سقف، 9 لمبة، 40×60 سم - اسود فضي,"1,980 جنيه
3,143 جنيه","3,143 جنيه",https://www.raneen.com/ar/edge-light-ceiling-chandelier-9-lamps-40-60-cm-black-silver
مصباح ارضي معدن، 1 لمبة، 160×30 سم - اسود,"1,400 جنيه
2,158 جنيه","2,158 جنيه",https://www.raneen.com/ar/edge-light-lampshades-1-lamps-160-30-cm-black
نجفة سقف، 4 لمبة، 25×45 سم - ذهبى,"650 جنيه
929 جنيه",929 جنيه,https://www.raneen.com/ar/amc563gld
نجفة سقف،23x24 سم - اسود,"379 جنيه
449 جنيه",449 جنيه,https://www.raneen.com/ar/mfmfylr25lightmc
نجف ستيل مودرن، 65×70 سم - ذهبى,"1,899 جنيه
1,999 جنيه","1,999 جنيه",https://www.raneen.com/ar/adyl676mcl
نجفة سقف، 60×29 سم، 6 لمبة - اسود,"999 جنيه
1,500 جنيه","1,500 جنيه",https://www.raneen.com/ar/c40blk
نجفة سقف مودرن، 9 لمبة - اسود,"999 جنيه
1,300 جنيه","1,300 جنيه",https://www.raneen.com/ar/c202gld
سبوت بانل ليد بارز، 5 قطع، 18 وات - ابيض,"740 جنيه
799 جنيه",799 جنيه,https://www.raneen.com/ar/b08ynrz426
دولاب ملابس بوحدة ادراج خشب ام دي اف، 140×50×200 سم - ابيض,"11,419 جنيه
16,313 جنيه","16,313 جنيه",https://www.raneen.com/ar/wardrobe-mdf-wood-140-200-50-white-mzwardrobe4wit-2
سرير أطفال مزدوج، 200×150×110 - رمادى,"4,499 جنيه
6,427 جنيه","6,427 جنيه",https://www.raneen.com/ar/steel-twin-bed-grey-mzu047gry
دولاب ملابس معدن خشب ام دي اف، 105×48×180 سم - ابيض,"14,400 جنيه
15,920 جنيه","15,920 جنيه",https://www.raneen.com/ar/wardrobe-30-50-70-cm-white-2
دولاب ملابس مفتوح خشب ام دي اف، 120×50×190 سم - بيج,"9,390 جنيه
13,141 جنيه","13,141 جنيه",https://www.raneen.com/ar/mhmpstaat130be-1
دولاب ملابس بوحدة ادراج خشب ام دي اف، 120×80×180 سم - ابيض,"9,387 جنيه
13,331 جنيه","13,331 جنيه",https://www.raneen.com/ar/mdf-wardrobe-with-drawers-120-200-55-cm-white-2
غرفة نوم كاملة خشب ام دي اف، 5 قطع - بيج ابيض,"24,999 جنيه
45,000 جنيه","45,000 جنيه",https://www.raneen.com/ar/complete-bedroom-mdf-wood-5-pieces-beige-white-comdes-bed1-beigewhite
غرفة نوم كاملة خشب ام دي اف، 5 قطع - ابيض,"34,340 جنيه
40,600 جنيه","40,600 جنيه",https://www.raneen.com/ar/mdf-wood-complete-bedroom-set-5-pieces-white
غرفة نوم كاملة 3 قطع ام دي اف - ابيض,"16,170 جنيه
25,000 جنيه","25,000 جنيه",https://www.raneen.com/ar/abk00wth
دولاب ملابس بوحدة ادراج خشب ام دي اف اسباني، 160×45×210 سم - ابيض,"13,689 جنيه
19,556 جنيه","19,556 جنيه",https://www.raneen.com/ar/spanish-mdf-wood-wardrobe-210-160-45-cm-white-1
سرير خشب زان، 120×195×120 سم - رمادي,"5,000 جنيه
5,500 جنيه","5,500 جنيه",https://www.raneen.com/ar/beech-wood-bed-120-195-120-cm-greydam-33gry-1
سرير خشب زان، 120×195×160 سم - كاشمير,"6,200 جنيه
7,000 جنيه","7,000 جنيه",https://www.raneen.com/ar/beech-wood-bed-120-195-160-cm-cashmeredam-42ksh-1
سرير مودرن خشب زان ابيض، 195×160×120 سم - اخضر,"6,999 جنيه
8,000 جنيه","8,000 جنيه",https://www.raneen.com/ar/white-beech-wood-modern-bed-195-160-120-cm-green-ymsh-bedsa35-40-grn
كومود خشب أم دي أف اسبانى، 45×40×35 سم - ابيض,"1,899 جنيه
2,713 جنيه","2,713 جنيه",https://www.raneen.com/ar/spanish-mdf-wood-commode-45-40-35-cm-white-1
سرير خشب زان ابيض، 195×120×120 سم - رمادي غامق,"5,699 جنيه
6,500 جنيه","6,500 جنيه",https://www.raneen.com/ar/white-beech-wood-bed-195-120-120-cm-dark-grey-ymsh-bedsa2-3-dgry
سرير خشب زان، 120×195×100 سم - رمادي,"4,100 جنيه
4,500 جنيه","4,500 جنيه",https://www.raneen.com/ar/beech-wood-bed-120-195-100-cm-greydam-11gry-1
سرير خشب كبس كونتر، 120×125×195 سم مقاس مفرد - اوف وايت,"5,595 جنيه
7,991 جنيه","7,991 جنيه",https://www.raneen.com/ar/press-counter-wood-bed-120-125-195-cm-single-size-off-whiteabdwso12ofw
سرير كابتونيه مودرن خشب زان ابيض، 195×120×120 سم - بينك,"5,899 جنيه
7,000 جنيه","7,000 جنيه",https://www.raneen.com/ar/white-beech-wood-modern-capton-bed-195-120-120-cm-pink-ymsh-bedsa24-37-pnk
سرير كابتوينه خشب زان ابيض، 195×120×120 سم - ابيض,"5,899 جنيه
7,000 جنيه","7,000 جنيه",https://www.raneen.com/ar/white-beech-wood-captain-bed-195-120-120-cm-white-ymsh-bedsa65-49-wit
دولاب ملابس باب منزلق خشب ام دي اف، 120×60×200 سم - ابيض,"9,100 جنيه
12,000 جنيه","12,000 جنيه",https://www.raneen.com/ar/c002wit
دولاب ملابس خشب ام دي اف، 200×50×200 سم - بيج رمادي,"18,699 جنيه
20,000 جنيه","20,000 جنيه",https://www.raneen.com/ar/mzwar007bng
طقم عشاء تشيب بورسلين لوتس دريم، 62 قطعة - اوف وايت ذهبي,"4,799 جنيه
6,520 جنيه","6,520 جنيه",https://www.raneen.com/ar/ho1092166mc1
طقم عشاء بورسلين تشيب لوتس دريم، 62 قطعة - ابيض,"4,799 جنيه
6,520 جنيه","6,520 جنيه",https://www.raneen.com/ar/ho1092151wi1
طقم عشاء اركوبيركس اركوجلاس، 20 قطعة - اسود ابيض,"399 جنيه
552 جنيه",552 جنيه,https://www.raneen.com/ar/ho1063703wb2
طقم عشاء اركوبيركس اركوجلاس، 20 قطعة - ابيض ازرق,"399 جنيه
552 جنيه",552 جنيه,https://www.raneen.com/ar/ho1063703wb1
طقم اطباق ميلامين مربع الشريف، 20 قطعة - ابيض روز,"1,299 جنيه
1,700 جنيه","1,700 جنيه",https://www.raneen.com/ar/ho1127846mc2
طقم اطباق ميلامين مربع الشريف، 20 قطعة - ابيض بنفسجي,"999 جنيه
1,700 جنيه","1,700 جنيه",https://www.raneen.com/ar/ho1127846mc1
طقم عشاء مستدير اركوبال يااه لايف، 58 قطعة - ابيض,"4,999 جنيه
6,260 جنيه","6,260 جنيه",https://www.raneen.com/ar/ho1126874mc1
طقم عشاء مستدير اركوبال يااه لايف، 58 قطعة - ابيض,"4,999 جنيه
6,260 جنيه","6,260 جنيه",https://www.raneen.com/ar/ho1126872mc1
طقم عشاء مستدير اركوبال يااه لايف، 58 قطعة - ابيض,"4,999 جنيه
6,260 جنيه","6,260 جنيه",https://www.raneen.com/ar/ho1126865mc1
طقم عشاء مستدير اركوبال يااه لايف، 58 قطعة - ابيض رمادي,"4,999 جنيه
6,260 جنيه","6,260 جنيه",https://www.raneen.com/ar/ho1126861mc1
طقم عشاء مستدير اركوبال يااه لايف، 58 قطعة - ابيض رمادي,"4,999 جنيه
6,260 جنيه","6,260 جنيه",https://www.raneen.com/ar/ho1126860mc1
طقم عشاء اركوبال مربع يااه لايف، 58 قطعة - ابيض,"5,499 جنيه
6,520 جنيه","6,520 جنيه",https://www.raneen.com/ar/ho1126875wit
طقم عشاء اركوبال مربع يااه لايف، 58 قطعة - ابيض رمادي,"5,499 جنيه
6,520 جنيه","6,520 جنيه",https://www.raneen.com/ar/ho1126317wit
طقم عشاء اركوبال مربع يااه لايف، 58 قطعة - ابيض,"5,499 جنيه
6,520 جنيه","6,520 جنيه",https://www.raneen.com/ar/ho1126314wit
طقم اطباق ميلامين مستدير الشريف، 20 قطعة، بالأضافة الى 2 طبق مكسرات هدية - متعدد الالوان,"1,299 جنيه
1,770 جنيه","1,770 جنيه",https://www.raneen.com/ar/ho1126650mc1
طقم عشاء زجاج، 18 قطعة - شفاف,"180 جنيه
220 جنيه",220 جنيه,https://www.raneen.com/ar/ho1126298clr
طقم عشاء ميلامين مربع كازان، 38 قطعة - متعدد الالوان,"3,199 جنيه
3,920 جنيه","3,920 جنيه",https://www.raneen.com/ar/ho1126443mc1
طقم عشاء ميلامين مربع كازان، 38 قطعة - ابيض اسود,"3,299 جنيه
3,920 جنيه","3,920 جنيه",https://www.raneen.com/ar/ho1126444mc1
طقم عشاء اركوبال مربع يااه لايف، 58 قطعة - ابيض,"5,999 جنيه
7,300 جنيه","7,300 جنيه",https://www.raneen.com/ar/ho1126322mc1
طقم عشاء اركوبال مستدير يااه لايف، 58 قطعة - ابيض اخضر فاتح,"7,499 جنيه
9,380 جنيه","9,380 جنيه",https://www.raneen.com/ar/ho1126311wi1
وعاء زجاج للعسل والصوص نيوفلام، 200 مل - فضي شفاف,265 جنيه,265 جنيه,https://www.raneen.com/ar/ho1107747slv
برطمان تخزين زجاج روكي، غطاء كرة خشب، 1000 مل - شفاف,162 جنيه,162 جنيه,https://www.raneen.com/ar/ho1117419clr
برطمان تخزين زجاج روكي، غطاء كرة خشب، 550 مل - شفاف,"100 جنيه
147 جنيه",147 جنيه,https://www.raneen.com/ar/ho1117418clr
طقم لانش بوكس بلاستيك ام ديزاين، 5 قطع - فوشيا,299 جنيه,337 جنيه,https://www.raneen.com/ar/ho1105018fch-1
علبة تخزين بقوليات لمسه بلاست، 1750 مل,64 جنيه,64 جنيه,https://www.raneen.com/ar/ho1123776cl3-1
طقم علب وجبات بلاستيك إليت، 8 قطعة,170 جنيه,224 جنيه,https://www.raneen.com/ar/ho1097612gry-1
طقم علب ثلاجة بلاستيك اليت، 6 قطع,215 جنيه,247 جنيه,https://www.raneen.com/ar/ho1124217tr1-1
طقم علب ثلاجة بلاستيك الهدي، 4 قطع,172 جنيه,172 جنيه,https://www.raneen.com/ar/ho1088480mov-1
طقم علب ثلاجه بلاستيك الهدي، 24 قطعة,225 جنيه,302 جنيه,https://www.raneen.com/ar/ho1111808mc6-1
وعاء زجاج للجبنه نيوفلام، 200 مل - شفاف,115 جنيه,115 جنيه,https://www.raneen.com/ar/ho1107748clr
برطمان بلاستيك بالغطاء لمسة، 2350 مل,48 جنيه,48 جنيه,https://www.raneen.com/ar/ho1123801ppr-1
طقم حافظة طعام بلاستيك الوطنية، 3 قطع,89 جنيه,89 جنيه,https://www.raneen.com/ar/ho1126909cl1-1
طقم علب ثلاجه اكريليك فالمر، 3 قطع، غطاء كليبس ومصفاة داخلية - شفاف ابيض,"699 جنيه
884 جنيه",884 جنيه,https://www.raneen.com/ar/ho1119123clr
برطمان بلاستيك مستدير ماكس بلاست، 850 مل,46 جنيه,46 جنيه,https://www.raneen.com/ar/ho1120618wit-1
طقم علب ثلاجة بلاستيك الوطنية، 4 قطع,85 جنيه,85 جنيه,https://www.raneen.com/ar/ho1125230cl3-1
لانش بوكس على شكل زهور، متعدد الألوان,"390 جنيه
440 جنيه",440 جنيه,https://www.raneen.com/ar/4032
طقم علبة ثلاجة بلاستيك الوطنية، 4 قطع,80 جنيه,80 جنيه,https://www.raneen.com/ar/ho1125231cl1-1
شانون الهلال و النجمة، 4 دور - بيج بني,"1,090 جنيه","1,090 جنيه",https://www.raneen.com/ar/el-helal-star-storage-drawer-units-4-drawers-brown-beige
لانش بوكس بزجاجة مياه بلاستيك للاطفال فالمر، قطعتين - ازرق ليموني,185 جنيه,185 جنيه,https://www.raneen.com/ar/ho1119370mc1
طقم حافظة طعام بلاستيك دريم، قلب ستانلس ستيل، شكل جرانيت، 4 قطع - بيج ابيض,965 جنيه,965 جنيه,https://www.raneen.com/ar/ho1123960bg1-1
طقم كوفرتة قطيفة ليزا، 3 قطع، 240×260 سم، 4200 جرام - بنفسجي,"3,030 جنيه","3,030 جنيه",https://www.raneen.com/ar/tx1120803ppr-1
طقم كوفرتة قطن هانا، 3 قطع، 240×240 سم، 3000 جرام,"1,199 جنيه","1,355 جنيه",https://www.raneen.com/ar/tx1124896gw2-1
طقم كوفرتة قطن بيسان، 3 قطع، 225×240 سم، 1800 جرام تقريبا,749 جنيه,965 جنيه,https://www.raneen.com/ar/tx1117828mc5-1
طقم كوفرتة اطفال مايكروفايبر رونزا هوم، 4 قطع، 240×180 سم، 3300 جرام,"1,399 جنيه","1,640 جنيه",https://www.raneen.com/ar/tx1113225mc3-1
طقم كوفرتة و ملاية قطن كيفا، 5 قطع، 4600 جرام,"1,349 جنيه","1,610 جنيه",https://www.raneen.com/ar/tx1120752pt1-1
طقم كوفرتة مايكروفايبر رونزا هوم، 3 قطع، 230×240 سم، 1900 جرام,939 جنيه,"1,085 جنيه",https://www.raneen.com/ar/tx1113224ma4-1
كوفرتة سرير جاكار شبل تكس، 200×210 سم,199 جنيه,267 جنيه,https://www.raneen.com/ar/shebltex-jacquard-comforter-200-210-cm
طقم كوفرتة و ملاية قطن جانيس، 6 قطع، 5000 جرام - ابيض,"1,849 جنيه
2,390 جنيه","2,390 جنيه",https://www.raneen.com/ar/tx1120759wi1
طقم كوفرتة و ملاية قطن جانيس، 6 قطع، 5200 جرام - ابيض,"1,999 جنيه
2,445 جنيه","2,445 جنيه",https://www.raneen.com/ar/tx1111058wit
طقم كوفرتة قطن هانا، 4 قطع، 240×180 سم، 4500 جرام - متعدد الالوان,"2,180 جنيه","2,180 جنيه",https://www.raneen.com/ar/tx1124895mc1
طقم كوفرتة قطن هانا، 4 قطع، 240×180 سم، 4500 جرام - متعدد الالوان,"2,180 جنيه","2,180 جنيه",https://www.raneen.com/ar/tx1124895mc2
طقم كوفرتة قطن هانا، 4 قطع، 240×180 سم، 4500 جرام - متعدد الالوان,"2,180 جنيه","2,180 جنيه",https://www.raneen.com/ar/tx1124895mc3
طقم كوفرتة قطن هانا، 4 قطع، 240×180 سم، 4500 جرام - متعدد الالوان,"2,180 جنيه","2,180 جنيه",https://www.raneen.com/ar/tx1124895mc4
كوفرته سرير جاكار الفردوس، 210×220 سم,249 جنيه,322 جنيه,https://www.raneen.com/ar/tx1082825mv2-conf
كوفرته سرير جاكار كازانوفا، 230×210 سم، 2400 جرام,329 جنيه,447 جنيه,https://www.raneen.com/ar/tx1082826mv2-1
كوفرتة قطن المأمون، 220×240 سم - متعدد الالوان,499 جنيه,540 جنيه,https://www.raneen.com/ar/tx1091915mc1-1
كوفرته قطن مخمل، 240×180 سم، 1450 جرام تقريبا,449 جنيه,547 جنيه,https://www.raneen.com/ar/tx1105466mt5-1
كوفرتة جاكار المأمون، 260×240 سم,919 جنيه,955 جنيه,https://www.raneen.com/ar/tx1091913gry-1
كوفرته قطن بشراشيب ايرينا، 235×205 سم، 1600 جرام - رمادي داكن,"899 جنيه
1,060 جنيه","1,060 جنيه",https://www.raneen.com/ar/tx1107019dgy
طقم كوفرتة قطن المأمون، 3 قطع، 240×240 سم,"1,399 جنيه","1,520 جنيه",https://www.raneen.com/ar/tx1015196-conf
شنطة قماش للسيدات بيد جلد، 2 سوستة، 30×35 سم,105 جنيه,182 جنيه,https://www.raneen.com/ar/tx1104080rd1-1
شنطة جلد بيد دائرية للسيدات، 24×16 سم,175 جنيه,257 جنيه,https://www.raneen.com/ar/tx1102451blk-1
سكارف صوف للسيدات سيزر,75 جنيه,135 جنيه,https://www.raneen.com/ar/fs1123475nvy-1
باليرينا جلد اكس اوه ستايل للسيدات,454 جنيه,"1,165 جنيه",https://www.raneen.com/ar/xo-1293-conf
شنطة كابوتنيه جلد بيد دائرية للسيدات، 29×19 سم,155 جنيه,247 جنيه,https://www.raneen.com/ar/tx1102452beg-1
طقم شراب هاف سوكيت للسيدات سولو، 3 قطع، مقاس موحد - متعدد الالوان,"105 جنيه
125 جنيه",125 جنيه,https://www.raneen.com/ar/fs1114532mc2
شنطة جلد بيد دائرية للسيدات، 22×17 سم,155 جنيه,237 جنيه,https://www.raneen.com/ar/tx1102455blk-1
حقيبة يد سواريه سيدات ، مقاس واحد ، جلد صناعي - رمادي,"1,159 جنيه
1,449 جنيه","1,449 جنيه",https://www.raneen.com/ar/4095070400
حذاء اسبدري قماش للسيدات,115 جنيه,200 جنيه,https://www.raneen.com/ar/sh1118232b97-1
طقم شراب هاف سوكيت للسيدات سولو، 3 قطع، مقاس موحد - متعدد الالوان,"105 جنيه
125 جنيه",125 جنيه,https://www.raneen.com/ar/fs1114532mc1
طقم شراب هاف سوكيت قطن للسيدات سولو، 3 قطع - متعدد الالوان,"105 جنيه
125 جنيه",125 جنيه,https://www.raneen.com/ar/fs1114528mc1
صندل جلد اكس اوه ستايل للسيدات,488 جنيه,710 جنيه,https://www.raneen.com/ar/xo-1289-conf
ترنج ميلتون للسيدات سيزر، قطعتين، مقاس XL - بينك,"315 جنيه
575 جنيه",575 جنيه,https://www.raneen.com/ar/fs1123625pnk
شنطة كابوتنيه جلد بيد دائرية للسيدات، 30×26 سم,185 جنيه,297 جنيه,https://www.raneen.com/ar/tx1102448bg1-1
حذاء للنساء كعب متوسط مع كعب اكس او ستايل,639 جنيه,"1,420 جنيه",https://www.raneen.com/ar/1117-beige-conf
ترنج ميلتون للسيدات سيزر، قطعتين، مقاس 2XL - بينك,"315 جنيه
575 جنيه",575 جنيه,https://www.raneen.com/ar/fs1123621pnk
ترنج ميلتون للسيدات سيزر، قطعتين، مقاس L - بينك,"315 جنيه
575 جنيه",575 جنيه,https://www.raneen.com/ar/fs1123623pnk
حقيبة يد سواريه سيدات ، مقاس واحد ، جلد صناعي - ذهبي,"1,591 جنيه
1,989 جنيه","1,989 جنيه",https://www.raneen.com/ar/4096071600
تنورة رياضية بوليستر للبنات - أخضر,252 جنيه,280 جنيه,https://www.raneen.com/ar/hcn-0170-g01-r-1
شورت رياضي بوليستر للأولاد - أبيض,248 جنيه,275 جنيه,https://www.raneen.com/ar/shb-0022-b01-r-1
شورت رياضي بوليستر للبنات - أبيض,270 جنيه,300 جنيه,https://www.raneen.com/ar/shb-0028-g06-r-1
تي شيرت نص كم بوليستر للأولاد - أبيض,248 جنيه,275 جنيه,https://www.raneen.com/ar/tsn-0155-b03-r-1
شورت رياضي بوليستر للبنات - أسود,270 جنيه,300 جنيه,https://www.raneen.com/ar/shb-0029-g01-r-1
تي شيرت نص كم بوليستر للأولاد - أسود,248 جنيه,275 جنيه,https://www.raneen.com/ar/tsn-0156-b01-r-1
فيست رياضى بوليستر للبنات - أسود,292 جنيه,325 جنيه,https://www.raneen.com/ar/vsn-0154-g05-r-1
شورت رياضي بوليستر للأولاد - أسود,270 جنيه,300 جنيه,https://www.raneen.com/ar/shb-0029-b01-r-1
تي شيرت بدون اكمام بوليستر للبنات - نبيتي,315 جنيه,350 جنيه,https://www.raneen.com/ar/tsb-0019-g01-r-1
فيست رياضى بوليستر للأولاد - أبيض,270 جنيه,300 جنيه,https://www.raneen.com/ar/vsn-0151-b04-r-1
تي شيرت بدون اكمام بوليستر للبنات - برتقالي,315 جنيه,350 جنيه,https://www.raneen.com/ar/tsb-0020-g03-r-1
فيست رياضى بوليستر للأولاد - أسود,270 جنيه,300 جنيه,https://www.raneen.com/ar/vsn-0152-b03-r-1
تي شيرت بدون اكمام بوليستر للبنات - أبيض,315 جنيه,350 جنيه,https://www.raneen.com/ar/tsb-0021-g02-r-1
فيست رياضى بوليستر للأولاد - أبيض,292 جنيه,325 جنيه,https://www.raneen.com/ar/vsn-0153-b01-r-1
تي شيرت نص كم بوليستر للبنات - أبيض,315 جنيه,350 جنيه,https://www.raneen.com/ar/tsf-0039-g01-r-1
فيست رياضى بوليستر للأولاد - أسود,292 جنيه,325 جنيه,https://www.raneen.com/ar/vsn-0154-b01-r-1
تي شيرت نص كم بوليستر للبنات - أزرق سماوي,328 جنيه,365 جنيه,https://www.raneen.com/ar/tsb-0005-g01-r-1
تي شيرت بدون اكمام بوليستر للأولاد - برتقالي,315 جنيه,350 جنيه,https://www.raneen.com/ar/tsb-0015-b04-r-1
شورت رياضي بوليستر للبنات - أبيض,338 جنيه,375 جنيه,https://www.raneen.com/ar/shb-0024-g02-r-1
تي شيرت بدون اكمام بوليستر للأولاد - أبيض,315 جنيه,350 جنيه,https://www.raneen.com/ar/tsb-0016-b01-r-1
حذاء سهل الارتداء جلد للرجال,155 جنيه,195 جنيه,https://www.raneen.com/ar/men-s-leather-slip-on-shoes
حذاء سهل الارتداء شمواه للرجال فينيتو,175 جنيه,260 جنيه,https://www.raneen.com/ar/sh1100224conf
حذاء أكسفورد جلد طبيعي للرجال ليسز، نعل رابر,425 جنيه,747 جنيه,https://www.raneen.com/ar/1101400conf1
حذاء سهل الارتداء جلد شاموزيت طبيعي للرجال ليسز,310 جنيه,497 جنيه,https://www.raneen.com/ar/1101403conf1
تي شيرت بولو نصف كم للرجال قطن سيزر,251 جنيه,500 جنيه,https://www.raneen.com/ar/17136-lightgreen-m-1
حذاء جلد للرجال تيستا تورو,289 جنيه,400 جنيه,https://www.raneen.com/ar/leather-shoes-for-men-size-41-eu-white-black-86b0chhjqpw2bw41eu-1
حذاء اكسفورد جلد للرجال كلانك,499 جنيه,927 جنيه,https://www.raneen.com/ar/sh1111769sb1-1
شورت بحر للرجال ووتربروف سيزر,112 جنيه,280 جنيه,https://www.raneen.com/ar/17505-blue-m-1
حذاء رياضى جلد برباط للرجال ديسيرت,185 جنيه,340 جنيه,https://www.raneen.com/ar/sh1112704w42-1
شنطة ظهر ميلوكس مقاومة للماء، 3 قطع - رمادي,345 جنيه,345 جنيه,https://www.raneen.com/ar/b0bfmr27kf
ساعة يد أنالوج للرجال كاسيو، سوار ستانلس ستيل، MTP-V001D-1BUDF - فضى,"1,595 جنيه
2,925 جنيه","2,925 جنيه",https://www.raneen.com/ar/casio-mtp-v001d-1budf-analog-stainless-steel-band-casual-watch-for-men-silver
شبشب سلايد للرجال اوندا - اسود,105 جنيه,120 جنيه,https://www.raneen.com/ar/rock-fabric-sneakers-for-men-45-eu-black-sh1094274b15-1
حذاء رياضي قماش للرجال فينيتو,249 جنيه,470 جنيه,https://www.raneen.com/ar/sh1091334b12-1
حذاء سنيكر للرجال تيستا تورو,299 جنيه,450 جنيه,https://www.raneen.com/ar/41-x9-b-42
شبشب سلايد بلاستيك للرجال اوندا,145 جنيه,220 جنيه,https://www.raneen.com/ar/sh1117355bk6-1
شبشب سلايد بلاستيك للرجال اوندا,175 جنيه,255 جنيه,https://www.raneen.com/ar/sh1117356bg0-1
شبشب سلايد بلاستيك للرجال اوندا,125 جنيه,200 جنيه,https://www.raneen.com/ar/sh1117357bk0-1
تي شيرت بولو نصف كم للرجال قطن سيزر,251 جنيه,500 جنيه,https://www.raneen.com/ar/17517-multicolour-m-1
شبشب سلايد بلاستيك للرجال اوندا,125 جنيه,175 جنيه,https://www.raneen.com/ar/sh1117360nv0-1
لحاف فايبر لازورد، 230×200 سم، 2600 جرام تقريبا,599 جنيه,795 جنيه,https://www.raneen.com/ar/tx1120649drd-1
لحاف فايبر، 230×200 سم، 2 كجم تقريبا,369 جنيه,410 جنيه,https://www.raneen.com/ar/tx1052717ol2-1
لحاف فايبر بد اند بد، 230×220سم، 3 قطع,"1,029 جنيه","1,115 جنيه",https://www.raneen.com/ar/tx1015143rs1-1
لحاف سرير شتوي من المايكروفايبر، لحاف فايبر بديل للريش، لحاف، 180×220 سم- كحلي,"649 جنيه
1,400 جنيه","1,400 جنيه",https://www.raneen.com/ar/microfiber-bed-comforter-fiber-comforter-filling-quilt-blanket-180-220-navy
طقم 2 لحاف شبابي مايكروفايبر لازورد، قطعتين، 230×170 سم، 4600 جرام تقريبا,999 جنيه,"1,085 جنيه",https://www.raneen.com/ar/tx1122844gy1-1
طقم لحاف وجهين رويال بالاس، 3 قطع,"2,599 جنيه","3,350 جنيه",https://www.raneen.com/ar/tx1108823mv1-1
طقم لحاف قطيفة المأمون، 240×230 سم، 3 قطع,"2,749 جنيه","2,820 جنيه",https://www.raneen.com/ar/tx1065121lb1-1
لحاف سرير مايكروفايبر، 220×240 سم - بني كافية,"749 جنيه
1,600 جنيه","1,600 جنيه",https://www.raneen.com/ar/selecthome-brown220240
طقم لحاف اطفال المأمون، 3 قطع,"1,699 جنيه","1,845 جنيه",https://www.raneen.com/ar/al-maamoun-baby-quilt-set-240x240-cm-3-pieces
طقم لحاف قطيفة رويال بالاس، 4 قطع، 9500 جرام تقريبا,"3,149 جنيه","3,865 جنيه",https://www.raneen.com/ar/tx1109277dr1-1
طقم لحاف فرو ساده ايفتيكس، 3 قطع، 7000 جرام تقريبا,"2,269 جنيه","2,900 جنيه",https://www.raneen.com/ar/tx1098024rs3-1
لحاف فايبر صيفى بد ان هوم،، 180×220 سم - ابيض,"902 جنيه
949 جنيه",949 جنيه,https://www.raneen.com/ar/bed-n-home-microfiber-quilt-1-pieces-220-180-cm-white
طقم لحاف قطيفة ليزا، 3 قطع، 240×240 سم، 7000 جرام تقريبا,"2,569 جنيه","3,180 جنيه",https://www.raneen.com/ar/tx1120802rd1-conf
طقم لحاف أطفال قطيفة دينيزلي، 6 قطع، 240×190 سم، 10 كجم تقريبا - بني,"3,269 جنيه
4,270 جنيه","4,270 جنيه",https://www.raneen.com/ar/tx1117823gl1
طقم لحاف قطن المأمون، 3 قطع، 240×240 سم، 4850 جرام تقريبا - رمادي,"2,099 جنيه
2,170 جنيه","2,170 جنيه",https://www.raneen.com/ar/tx1122647gy1
لحاف سرير مايكروفايبر، 180×220 سم - رمادي كحلي,"649 جنيه
1,400 جنيه","1,400 جنيه",https://www.raneen.com/ar/selecthome-greynavy180220
لحاف قطن المأمون، 3 قطع,"2,000 جنيه","2,000 جنيه",https://www.raneen.com/ar/al-maamoun-cotton-quilt-3-pieces
طقم لحاف مايكروفايبر رونزا هوم، 4 قطع - متعدد الالوان,"1,599 جنيه","1,790 جنيه",https://www.raneen.com/ar/tx1107691lb3-1
طقم لحاف قطيفة بظهر فرو، 3 قطع، 6700 جرام تقريبا - متعدد الالوان,"3,249 جنيه","3,630 جنيه",https://www.raneen.com/ar/tx1108014gy1-1
لحاف سرير شتوي من المايكروفايبر، لحاف فايبر بديل للريش، لحاف، 220×240 سم- كحلي,"749 جنيه
1,600 جنيه","1,600 جنيه",https://www.raneen.com/ar/microfiber-bed-quilt-fiber-quilt-filling-quilt-blanket-220-240-navy
طقم ملاية سرير، 5 قطع، 220×240 سم تقريبا,239 جنيه,295 جنيه,https://www.raneen.com/ar/tx1048610wf2-1
طقم ملايه سرير لاين سليب ميكروفايبر، 2 قطعة، 180×220 سم - متعدد الالوان,"199 جنيه
400 جنيه",400 جنيه,https://www.raneen.com/ar/line-sleep-microfiber-bed-sheet-set-2-pieces-180-220-cm-multicolor-ls-l-105-multicolor
طقم مفرش سرير جولدن هاوس، 240×220 سم، 4 قطع,869 جنيه,"1,085 جنيه",https://www.raneen.com/ar/tx1092869ros-1
ملاية قطن بأستك نايس هوم، 100×200 سم,209 جنيه,322 جنيه,https://www.raneen.com/ar/nice-home-cotton-bed-sheet-100-200-cm
طقم ملايه سرير لاين سليب ميكروفايبر، 2 قطعة، 180×220 سم - متعدد الالوان,"289 جنيه
480 جنيه",480 جنيه,https://www.raneen.com/ar/line-sleep-microfiber-bed-sheet-set-2-pieces-180-220-cm-multicolor-ls-l-108-multicolor
طقم ملاية سرير نايس هوم، 2 خدادية، 160 سم، 3 قطع,349 جنيه,527 جنيه,https://www.raneen.com/ar/nice-home-bed-sheet-set-2-pillow-160-cm-3-pieces-white-tx1042296wit-1
طقم ملايه سرير قماش مطبوع، 4 قطع، 235×215 سم تقريبا,199 جنيه,245 جنيه,https://www.raneen.com/ar/tx1017810mc6-1
ملاية سرير بأستك نايس هوم، 200×200 سم,309 جنيه,477 جنيه,https://www.raneen.com/ar/nice-home-cotton-bed-sheet-200-200-cm
طقم ملايه سرير لاين سليب ميكروفايبر، 3 قطعة، 220×240 سم - متعدد الالوان,"249 جنيه
500 جنيه",500 جنيه,https://www.raneen.com/ar/line-sleep-microfiber-bed-sheet-set-3-pieces-220-240-cm-multicolor-ls-l-108-1-multicolor
طقم ملاية سرير بأستك نايس هوم، 2 خدادية، 120 سم، 3 قطع,349 جنيه,477 جنيه,https://www.raneen.com/ar/nice-home-bed-sheet-set-2-pillow-120-cm-3-pieces
ملاية سرير بأستك نايس هوم، 180×200 سم,289 جنيه,437 جنيه,https://www.raneen.com/ar/nice-home-elastic-sheet-180-x-200-cm-white-tx1042121wit-1
طقم مفرش سرير جولدن هاوس، 180×220 سم، 6 قطع,779 جنيه,"1,285 جنيه",https://www.raneen.com/ar/tx1092871caf-1
طقم ملاية اطفال 3 قطع - قطن مصرى مخلوط ملاية فلات- كحلي أبيض,"437 جنيه
599 جنيه",599 جنيه,https://www.raneen.com/ar/b0ctxf3nkd
طقم مفرش سرير جولدن هاوس، 240×220 سم، 4 قطع - اوف وايت,"869 جنيه
1,115 جنيه","1,115 جنيه",https://www.raneen.com/ar/tx1089624ofw
"طقم ملاية سرير ميكروفايبر بد اند بد، 4 قطع, 220×240 سم",469 جنيه,515 جنيه,https://www.raneen.com/ar/tx1015146ml4-1
طقم ملاية اطفال قطن سلمي، 6 قطع، 200×240 سم، 3500 جرام تقريبا,969 جنيه,"1,255 جنيه",https://www.raneen.com/ar/tx1102379fc1-1
طقم ملاية قطن بد ان هوم، 270×240 سم,798 جنيه,"1,236 جنيه",https://www.raneen.com/ar/bed-n-home-cotton-bedding-sheet-set-270-240-cm-white-1
ملاية بأستك نايس هوم، 160×200 سم,299 جنيه,412 جنيه,https://www.raneen.com/ar/nice-home-bed-cover-160-200-cm
طقم مفرش سرير قطن جانيس، 6 قطع، 5300 جرام تقريبا - اوف وايت,"2,399 جنيه
3,250 جنيه","3,250 جنيه",https://www.raneen.com/ar/tx1120754ofw
طقم مفرش سرير قطن جانيس، 6 قطع، 5400 جرام تقريبا - اوف وايت,"2,099 جنيه
2,900 جنيه","2,900 جنيه",https://www.raneen.com/ar/tx1111054ofw
